Date,Open,High,Low,Close,Adj Close,Volume
6/4/2015,40.34,41.779999,40.18,41.549999,37.464993,39223700
7/4/2015,41.610001,41.91,41.310001,41.529999,37.446957,28809400
8/4/2015,41.459999,41.689999,41.040001,41.419998,37.347771,24753400
9/4/2015,41.25,41.619999,41.25,41.48,37.401886,25723900
10/4/2015,41.630001,41.950001,41.41,41.720001,37.618282,28022000
13/4/2015,41.400002,42.060001,41.389999,41.759998,37.654354,30276700
14/4/2015,41.799999,42.029999,41.389999,41.650002,37.555172,24244400
15/4/2015,41.759998,42.459999,41.68,42.259998,38.10519,27343600
16/4/2015,41.950001,42.34,41.82,42.16,38.01503,22509700
17/4/2015,41.669998,41.740002,41.16,41.619999,37.528114,42387600
20/4/2015,41.73,43.169998,41.68,42.91,38.691284,46057700
21/4/2015,43,43.150002,42.529999,42.639999,38.447842,26013800
22/4/2015,42.669998,43.130001,42.549999,42.990002,38.763428,25064300
23/4/2015,42.889999,43.610001,42.799999,43.34,39.079014,46309500
24/4/2015,45.66,48.139999,45.650002,47.869999,43.163647,130933700
27/4/2015,47.23,48.130001,47.220001,48.029999,43.307915,59248200
28/4/2015,47.779999,49.209999,47.700001,49.16,44.326824,60730800
29/4/2015,48.720001,49.310001,48.5,49.060001,44.236649,47804600
30/4/2015,48.700001,49.540001,48.599998,48.639999,43.857941,64725500
1/5/2015,48.580002,48.880001,48.400002,48.66,43.875984,38937300
4/5/2015,48.369999,48.869999,48.18,48.240002,43.497272,34039500
5/5/2015,47.82,48.16,47.310001,47.599998,42.920189,50369200
6/5/2015,47.57,47.77,46.02,46.279999,41.729969,52433000
7/5/2015,46.27,47.09,46.16,46.700001,42.108677,32971700
8/5/2015,47.549999,47.98,47.52,47.75,43.055447,35364900
11/5/2015,47.549999,47.91,47.369999,47.369999,42.712799,24609400
12/5/2015,46.849998,47.68,46.419998,47.349998,42.694778,29928300
13/5/2015,48.189999,48.32,47.57,47.630001,42.947243,34184600
14/5/2015,48.029999,48.82,48.029999,48.720001,43.93008,32980900
15/5/2015,48.869999,48.91,48.049999,48.299999,43.551365,28642700
18/5/2015,47.98,48.220001,47.610001,48.009998,43.289883,24136500
19/5/2015,47.560001,47.810001,47.18,47.580002,43.180977,28574800
20/5/2015,47.389999,47.93,47.27,47.580002,43.180977,25047900
21/5/2015,47.279999,47.599998,47.009998,47.419998,43.035767,22410700
22/5/2015,47.299999,47.349998,46.82,46.900002,42.563839,25720600
26/5/2015,46.830002,46.880001,46.189999,46.59,42.282513,29581900
27/5/2015,46.82,47.77,46.619999,47.610001,43.208202,27335600
28/5/2015,47.5,48.02,47.389999,47.450001,43.062996,19283700
29/5/2015,47.43,47.57,46.59,46.860001,42.527546,36519600
1/6/2015,47.060001,47.77,46.619999,47.23,42.863331,28837300
2/6/2015,46.93,47.349998,46.619999,46.919998,42.581993,21498300
3/6/2015,47.369999,47.740002,46.82,46.849998,42.518463,28002200
4/6/2015,46.790001,47.16,46.200001,46.360001,42.073772,27745500
5/6/2015,46.310001,46.52,45.84,46.139999,41.874107,25438100
8/6/2015,46.299999,46.43,45.669998,45.73,41.502018,22121600
9/6/2015,45.759998,45.939999,45.459999,45.650002,41.429413,24406100
10/6/2015,45.790001,46.830002,45.689999,46.610001,42.300655,28417400
11/6/2015,46.66,46.919998,46.130001,46.439999,42.14637,27347800
12/6/2015,46.220001,46.470001,45.900002,45.970001,41.71983,23931000
15/6/2015,45.450001,45.650002,45.02,45.48,41.275127,33254500
16/6/2015,45.349998,46.240002,45.299999,45.830002,41.592777,27070300
17/6/2015,45.73,46.07,45.360001,45.970001,41.71983,28704100
18/6/2015,46.220001,46.799999,46.169998,46.720001,42.400486,32658300
19/6/2015,46.790001,46.830002,45.990002,46.099998,41.837811,63837000
22/6/2015,46.330002,46.720001,46.16,46.23,41.955791,20318100
23/6/2015,46.130001,46.279999,45.619999,45.91,41.665382,25896500
24/6/2015,45.669998,46.25,45.549999,45.639999,41.420345,34890900
25/6/2015,46.029999,46.060001,45.5,45.650002,41.429413,20616000
26/6/2015,45.650002,46.279999,45.029999,45.259998,41.075466,49835300
29/6/2015,45.040001,45.23,44.360001,44.369999,40.267754,34081700
30/6/2015,44.709999,44.720001,43.939999,44.150002,40.0681,35945400
1/7/2015,44.459999,45.23,44.099998,44.450001,40.340359,28343900
2/7/2015,44.48,44.75,44.060001,44.400002,40.294971,21752000
6/7/2015,43.959999,44.48,43.950001,44.389999,40.2859,23034000
7/7/2015,44.34,44.490002,43.32,44.299999,40.204227,36435800
8/7/2015,44.439999,44.900002,44.029999,44.240002,40.149776,39785900
9/7/2015,44.75,45.220001,44.5,44.52,40.403893,32424700
10/7/2015,45.009998,45.139999,44.57,44.610001,40.485569,25465800
13/7/2015,44.98,45.619999,44.950001,45.540001,41.32959,28178300
14/7/2015,45.450001,45.959999,45.310001,45.619999,41.40218,22880300
15/7/2015,45.68,45.889999,45.43,45.759998,41.529243,26629600
16/7/2015,46.009998,46.689999,45.970001,46.66,42.346035,26271700
17/7/2015,46.549999,46.779999,46.259998,46.619999,42.309734,29467100
20/7/2015,46.650002,47.130001,46.439999,46.919998,42.581993,30631900
21/7/2015,46.779999,47.330002,46.48,47.279999,42.90871,42781900
22/7/2015,45.439999,46.93,45.200001,45.540001,41.32959,59152400
23/7/2015,45.27,46.23,45.099998,46.110001,41.846882,33934000
24/7/2015,45.91,46.32,45.799999,45.939999,41.6926,32333200
27/7/2015,45.939999,46.009998,45.25,45.349998,41.157143,39701400
28/7/2015,45.580002,45.639999,44.790001,45.34,41.148071,34328900
29/7/2015,45.400002,46.779999,45.259998,46.290001,42.010239,40945900
30/7/2015,46.259998,47.400002,45.93,46.880001,42.545692,39777900
31/7/2015,47.290001,47.369999,46.5,46.700001,42.382339,31201500
3/8/2015,46.98,47,46.450001,46.810001,42.482162,24125900
4/8/2015,46.75,47.709999,46.68,47.540001,43.144669,33403900
5/8/2015,47.98,48.41,47.540001,47.580002,43.180977,26959700
6/8/2015,47.709999,47.77,46.330002,46.619999,42.309734,27368000
7/8/2015,46.389999,46.779999,46.259998,46.740002,42.418644,19163000
10/8/2015,46.950001,47.490002,46.84,47.330002,42.954082,23079900
11/8/2015,46.82,46.939999,45.900002,46.41,42.119148,29237400
12/8/2015,46.189999,46.900002,45.709999,46.740002,42.418644,30181400
13/8/2015,47.060001,47.099998,46.490002,46.73,42.409569,22627200
14/8/2015,46.529999,47.099998,46.52,47,42.654606,21473400
17/8/2015,46.810001,47.450001,46.57,47.32,42.945011,21099700
18/8/2015,46.84,47.43,46.700001,47.27,43.182529,23574100
19/8/2015,46.779999,47.080002,46.299999,46.610001,42.579597,31485500
20/8/2015,46.07,46.470001,45.66,45.66,41.711754,36238200
21/8/2015,45.299999,45.48,43.07,43.07,39.345711,70053100
24/8/2015,40.450001,42.689999,39.720001,41.68,38.075897,88753700
25/8/2015,42.57,43.240002,40.389999,40.470001,36.970531,70616600
26/8/2015,42.009998,42.84,41.060001,42.709999,39.016842,63408000
27/8/2015,43.23,43.950001,42.93,43.900002,40.103935,50943200
28/8/2015,43.400002,44.150002,43.389999,43.93,40.131348,28246700
31/8/2015,43.560001,43.93,43.099998,43.52,39.75679,34441700
1/9/2015,42.169998,42.59,41.66,41.82,38.203796,49688900
2/9/2015,42.360001,43.380001,41.880001,43.360001,39.610626,37671500
3/9/2015,43.41,43.98,43.279999,43.5,39.738522,28285200
4/9/2015,42.810001,43.040001,42.200001,42.610001,38.925491,37138800
8/9/2015,43.299999,44,43.200001,43.889999,40.094799,32469800
9/9/2015,44.209999,44.400002,42.91,43.07,39.345711,33469500
10/9/2015,43.119999,43.790001,42.75,43.290001,39.54668,31366600
11/9/2015,43.139999,43.59,42.939999,43.48,39.720257,27132500
14/9/2015,43.43,43.439999,42.860001,43.040001,39.318302,23656000
15/9/2015,43.189999,44.290001,43.080002,43.98,40.177021,28882200
16/9/2015,43.970001,44.380001,43.84,44.299999,40.469345,23372200
17/9/2015,44.290001,45,44.080002,44.25,40.423664,32768200
18/9/2015,43.5,43.990002,43.330002,43.48,39.720257,63143700
21/9/2015,43.619999,44.470001,43.599998,44.110001,40.295784,26177200
22/9/2015,43.380001,44.049999,43.310001,43.900002,40.103935,28085900
23/9/2015,43.93,44.169998,43.509998,43.869999,40.076527,17145200
24/9/2015,43.450001,44.130001,43.27,43.91,40.113071,27905600
25/9/2015,44.48,44.73,43.759998,43.939999,40.140476,29384600
28/9/2015,43.830002,44.09,43.209999,43.290001,39.54668,27613800
29/9/2015,43.369999,43.57,43.049999,43.439999,39.68372,32763600
30/9/2015,43.880001,44.299999,43.66,44.259998,40.432808,34958900
1/10/2015,44.75,44.75,43.75,44.610001,40.752541,28657900
2/10/2015,44.27,45.57,43.919998,45.57,41.629536,41839000
5/10/2015,45.75,46.889999,45.700001,46.630001,42.597878,34369300
6/10/2015,46.330002,47.18,46.220001,46.75,42.707493,27017200
7/10/2015,47.099998,47.349998,45.950001,46.799999,42.753166,27711500
8/10/2015,46.560001,47.52,46.5,47.450001,43.346966,33772700
9/10/2015,47.450001,47.540001,46.919998,47.110001,43.036377,28600600
12/10/2015,46.98,47.07,46.5,47,42.935879,19769100
13/10/2015,46.560001,47.130001,46.560001,46.889999,42.835384,19987800
14/10/2015,46.650002,47.099998,46.529999,46.68,42.643555,24697800
15/10/2015,47.009998,47.029999,46.529999,47.009998,42.945015,27189400
16/10/2015,47.02,47.540001,46.900002,47.509998,43.401779,26450300
19/10/2015,47.419998,47.880001,47.02,47.619999,43.502262,29387600
20/10/2015,47.439999,47.810001,47.02,47.77,43.639294,30802200
21/10/2015,47.919998,47.990002,47.110001,47.200001,43.118584,25144300
22/10/2015,47.529999,48.950001,47.09,48.029999,43.876812,56637100
23/10/2015,52.299999,54.07,52.25,52.869999,48.298298,135227100
26/10/2015,52.529999,54.32,52.5,54.25,49.55896,64633300
27/10/2015,53.990002,54.369999,53.580002,53.689999,49.047382,50999900
28/10/2015,53.540001,53.98,52.860001,53.98,49.312309,47000800
29/10/2015,53.540001,53.830002,53.220001,53.360001,48.745922,30202100
30/10/2015,53.32,53.990002,52.619999,52.639999,48.088177,46619800
2/11/2015,52.849998,53.360001,52.619999,53.240002,48.636295,30285000
3/11/2015,52.93,54.389999,52.900002,54.150002,49.467621,36596900
4/11/2015,54.18,54.880001,54.060001,54.400002,49.695995,37087800
5/11/2015,54.490002,54.700001,54,54.380001,49.677719,31468500
6/11/2015,54.09,54.98,53.959999,54.919998,50.171024,32851200
9/11/2015,54.549999,54.869999,53.560001,54.16,49.476749,32513100
10/11/2015,54.07,54.130001,53.27,53.509998,48.88295,55283700
11/11/2015,53.700001,54.200001,53.459999,53.650002,49.010853,36516300
12/11/2015,53.48,53.98,53.189999,53.32,48.709377,35361100
13/11/2015,53.07,53.290001,52.529999,52.84,48.270893,36848200
16/11/2015,53.080002,53.889999,52.849998,53.77,49.120464,32165200
17/11/2015,53.169998,53.529999,52.849998,52.970001,48.715816,31551300
18/11/2015,53,53.98,52.98,53.849998,49.525135,29710000
19/11/2015,53.990002,54.66,53.779999,53.939999,49.60791,28149200
20/11/2015,54.25,54.299999,53.27,54.189999,49.837822,37147600
23/11/2015,54.25,54.459999,53.75,54.189999,49.837822,28235900
24/11/2015,53.919998,54.439999,53.580002,54.25,49.893005,24600000
25/11/2015,54.09,54.23,53.689999,53.689999,49.377987,21005100
27/11/2015,53.799999,54.080002,53.790001,53.93,49.598701,9009100
30/11/2015,54.540001,54.959999,54,54.349998,49.984982,56241400
1/12/2015,54.41,55.23,54.299999,55.220001,50.785107,39952800
2/12/2015,55.32,55.959999,55.060001,55.209999,50.775906,47274900
3/12/2015,55.490002,55.77,53.93,54.200001,49.847027,38627800
4/12/2015,54.119999,56.23,54.099998,55.91,51.419689,43963700
7/12/2015,55.790001,55.970001,55.290001,55.810001,51.327728,30709800
8/12/2015,55.470001,56.099998,54.990002,55.790001,51.309326,32878000
9/12/2015,55.369999,55.869999,54.509998,54.98,50.564381,36373200
10/12/2015,55.389999,55.66,55.009998,55.27,50.831093,31775800
11/12/2015,54.709999,55.099998,54.009998,54.060001,49.718269,39549500
14/12/2015,54.330002,55.209999,53.68,55.139999,50.711536,46768900
15/12/2015,55.66,55.900002,55.09,55.200001,50.766716,39843000
16/12/2015,55.540001,56.25,54.759998,56.130001,51.622021,37503300
17/12/2015,56.360001,56.790001,55.529999,55.700001,51.226551,41280900
18/12/2015,55.77,56,54.029999,54.130001,49.782642,84684200
21/12/2015,54.880001,55.349998,54.23,54.830002,50.426434,37246300
22/12/2015,54.990002,55.48,54.5,55.349998,50.904655,28322200
23/12/2015,55.700001,55.880001,55.439999,55.82,51.33691,27279800
24/12/2015,55.860001,55.959999,55.43,55.669998,51.198963,9558500
28/12/2015,55.349998,55.950001,54.98,55.950001,51.456482,22458300
29/12/2015,56.290001,56.849998,56.060001,56.549999,52.008289,27731400
30/12/2015,56.470001,56.779999,56.290001,56.310001,51.78756,21704500
31/12/2015,56.040001,56.189999,55.419998,55.48,51.024227,27334100
4/1/2016,54.32,54.799999,53.389999,54.799999,50.398834,53778000
5/1/2016,54.93,55.389999,54.540001,55.049999,50.628761,34079700
6/1/2016,54.32,54.400002,53.639999,54.049999,49.709072,39518900
7/1/2016,52.700001,53.490002,52.07,52.169998,47.980057,56564900
8/1/2016,52.369999,53.279999,52.150002,52.330002,48.127216,48754000
11/1/2016,52.509998,52.849998,51.459999,52.299999,48.099617,36943800
12/1/2016,52.759998,53.099998,52.060001,52.779999,48.541073,36095500
13/1/2016,53.799999,54.07,51.299999,51.639999,47.49263,66883600
14/1/2016,52,53.419998,51.57,53.110001,48.84457,52381900
15/1/2016,51.310001,51.970001,50.34,50.990002,46.894836,71820700
19/1/2016,51.48,51.68,50.060001,50.560001,46.499371,43564500
20/1/2016,49.98,51.380001,49.099998,50.790001,46.710896,63273000
21/1/2016,51,51.580002,50.299999,50.48,46.425785,40191200
22/1/2016,51.41,52.330002,51.259998,52.290001,48.090416,37555800
25/1/2016,51.939999,52.650002,51.650002,51.790001,47.630577,34707700
26/1/2016,51.790001,52.439999,51.549999,52.169998,47.980057,28900800
27/1/2016,52.009998,52.200001,51.02,51.220001,47.106358,36775200
28/1/2016,51.860001,52.209999,51.25,52.060001,47.878891,62513800
29/1/2016,54.73,55.09,54,55.09,50.665543,83611700
1/2/2016,54.880001,55.09,54.5,54.709999,50.316063,44208500
2/2/2016,54.169998,54.259998,52.650002,53,48.743404,56313800
3/2/2016,53.25,53.389999,51.259998,52.16,47.97086,57559800
4/2/2016,52.099998,52.810001,51.369999,52,47.823719,46987100
5/2/2016,51.939999,52,49.560001,50.16,46.131496,62009000
8/2/2016,49.549999,49.57,48.189999,49.41,45.441711,59290500
9/2/2016,49.02,50.240002,48.669998,49.279999,45.322163,46740500
10/2/2016,49.889999,50.389999,49.52,49.709999,45.717632,38237000
11/2/2016,48.68,50.110001,48.509998,49.689999,45.699234,48878600
12/2/2016,50.25,50.68,49.75,50.5,46.444187,34243300
16/2/2016,50.900002,51.09,50.130001,51.09,47.324162,37291200
17/2/2016,51.490002,52.77,51.450001,52.419998,48.556126,40789000
18/2/2016,52.330002,52.950001,52.099998,52.189999,48.343075,27176000
19/2/2016,51.970001,52.279999,51.529999,51.82,48.00034,33559100
22/2/2016,52.279999,53,52.279999,52.650002,48.769173,25008300
23/2/2016,52.34,52.369999,50.98,51.18,47.407524,28895300
24/2/2016,50.689999,51.5,50.200001,51.360001,47.574257,33014500
25/2/2016,51.73,52.099998,50.610001,52.099998,48.25972,26939500
26/2/2016,52.599998,52.68,51.099998,51.299999,47.518673,35975900
29/2/2016,51.349998,51.650002,50.66,50.880001,47.129642,31654000
1/3/2016,50.970001,52.59,50.919998,52.580002,48.704338,33024500
2/3/2016,52.41,52.959999,52.16,52.950001,49.047066,29289900
3/3/2016,52.970001,52.970001,51.779999,52.349998,48.491283,24427800
4/3/2016,52.400002,52.450001,51.709999,52.029999,48.19487,33034200
7/3/2016,51.560001,51.799999,50.580002,51.029999,47.268581,38407800
8/3/2016,50.799999,52.130001,50.599998,51.650002,47.84288,33835100
9/3/2016,51.889999,52.849998,51.860001,52.84,48.945175,28251600
10/3/2016,52.93,52.939999,51.16,52.049999,48.213406,38387800
11/3/2016,53,53.07,52.380001,53.07,49.158211,32275700
14/3/2016,52.709999,53.59,52.630001,53.169998,49.250839,24083600
15/3/2016,52.75,53.59,52.740002,53.59,49.639877,21104800
16/3/2016,53.450001,54.599998,53.400002,54.349998,50.343864,31691700
17/3/2016,54.209999,55,54,54.66,50.631012,28223900
18/3/2016,54.919998,54.970001,53.450001,53.490002,49.547253,67625500
21/3/2016,53.25,53.93,52.93,53.860001,49.88998,23925700
22/3/2016,53.610001,54.25,53.459999,54.07,50.084503,23124100
23/3/2016,54.110001,54.240002,53.740002,53.970001,49.991879,20129000
24/3/2016,53.84,54.330002,53.73,54.209999,50.214188,19950000
28/3/2016,54.209999,54.290001,53.330002,53.540001,49.593563,17025100
29/3/2016,53.66,54.860001,53.450001,54.709999,50.677326,23924300
30/3/2016,54.93,55.639999,54.900002,55.049999,50.992271,23008300
31/3/2016,54.950001,55.59,54.860001,55.23,51.158993,26360500
1/4/2016,55.049999,55.610001,54.57,55.57,51.473946,24399200
4/4/2016,55.43,55.66,55,55.43,51.344265,18928800
5/4/2016,55.189999,55.299999,54.459999,54.560001,50.538391,19272300
6/4/2016,54.360001,55.200001,54.209999,55.119999,51.057102,21188700
7/4/2016,54.869999,54.91,54.23,54.459999,50.445763,19225100
8/4/2016,54.669998,55.279999,54.32,54.419998,50.408707,22167200
11/4/2016,54.490002,55.150002,54.299999,54.310001,50.306816,21414200
12/4/2016,54.369999,54.779999,53.759998,54.650002,50.621754,24944300
13/4/2016,55.119999,55.439999,54.889999,55.349998,51.270149,20818000
14/4/2016,55.220001,55.580002,55.07,55.360001,51.279415,20877100
15/4/2016,55.299999,55.919998,55.110001,55.650002,51.548042,28793800
18/4/2016,55.490002,56.59,55.209999,56.459999,52.298336,23786000
19/4/2016,56.630001,56.77,55.68,56.389999,52.233494,29596800
20/4/2016,56.290001,56.5,55.490002,55.59,51.492466,36195700
21/4/2016,55.799999,56.23,55.419998,55.779999,51.668461,38909100
22/4/2016,51.91,52.43,50.77,51.779999,47.963299,126834100
25/4/2016,51.779999,52.130001,51.630001,52.110001,48.268978,33226900
26/4/2016,52.259998,52.349998,51.09,51.439999,47.648361,33532600
27/4/2016,51.48,51.5,50.549999,50.939999,47.185215,43369300
28/4/2016,50.619999,50.77,49.560001,49.900002,46.221874,43134800
29/4/2016,49.349998,50.25,49.349998,49.869999,46.19408,48411700
2/5/2016,50,50.75,49.779999,50.610001,46.879543,33114500
3/5/2016,50.34,50.41,49.599998,49.779999,46.110718,26460200
4/5/2016,49.84,50.060001,49.459999,49.869999,46.19408,24257600
5/5/2016,49.869999,50.299999,49.73,49.939999,46.258923,25390700
6/5/2016,49.919998,50.389999,49.66,50.389999,46.675755,24787300
9/5/2016,50.490002,50.59,50,50.07,46.379345,17951600
10/5/2016,50.330002,51.099998,50.189999,51.02,47.259319,22891000
11/5/2016,51.130001,51.779999,51,51.049999,47.287109,24039100
12/5/2016,51.200001,51.810001,50.919998,51.509998,47.7132,24102800
13/5/2016,51.439999,51.900002,51.040001,51.080002,47.314903,22592300
16/5/2016,50.799999,51.959999,50.75,51.830002,48.009617,20032000
17/5/2016,51.720001,51.73,50.360001,50.509998,47.114151,27803500
18/5/2016,50.48,51.139999,50.299999,50.810001,47.393982,24907500
19/5/2016,50.470001,50.619999,49.82,50.32,46.936924,23842400
20/5/2016,50.48,51.220001,50.400002,50.619999,47.216755,23905800
23/5/2016,50.599998,50.68,49.98,50.029999,46.666435,26118700
24/5/2016,50.700001,51.709999,50.400002,51.59,48.121552,34757900
25/5/2016,51.919998,52.490002,51.790001,52.119999,48.615913,24040200
26/5/2016,51.93,51.98,51.360001,51.889999,48.401371,24335200
27/5/2016,51.919998,52.32,51.77,52.32,48.802471,17721400
31/5/2016,52.259998,53,52.080002,53,49.43676,37653100
1/6/2016,52.439999,52.950001,52.439999,52.849998,49.296829,25324800
2/6/2016,52.639999,52.740002,51.84,52.48,48.951721,22840800
3/6/2016,52.380001,52.419998,51.599998,51.790001,48.308094,23368300
6/6/2016,51.990002,52.349998,51.889999,52.130001,48.625252,18243300
7/6/2016,52.240002,52.73,52.099998,52.099998,48.597263,20866800
8/6/2016,52.02,52.439999,51.869999,52.040001,48.541286,21149400
9/6/2016,52,52,51.490002,51.619999,48.149521,20305700
10/6/2016,51.049999,52.049999,51.040001,51.48,48.01894,25833200
13/6/2016,49.580002,50.720001,49.060001,50.139999,46.769024,83217800
14/6/2016,49.900002,50.099998,49.57,49.830002,46.479874,42577100
15/6/2016,49.779999,50.119999,49.689999,49.689999,46.349285,33757600
16/6/2016,49.52,50.470001,49.509998,50.389999,47.002224,31188600
17/6/2016,50.41,50.43,49.82,50.130001,46.759705,45710500
20/6/2016,50.639999,50.830002,50.029999,50.07,46.703743,35607900
21/6/2016,50.200001,51.43,50.16,51.189999,47.748436,34097800
22/6/2016,51.080002,51.459999,50.950001,50.990002,47.561893,28816800
23/6/2016,51.279999,52.060001,51.150002,51.91,48.420033,29028800
24/6/2016,49.810001,50.939999,49.52,49.830002,46.479874,133503000
27/6/2016,49.099998,49.150002,48.040001,48.43,45.173996,50216300
28/6/2016,48.919998,49.470001,48.669998,49.439999,46.116089,38140700
29/6/2016,49.91,50.720001,49.799999,50.540001,47.142136,31304000
30/6/2016,50.720001,51.299999,50.5,51.169998,47.729782,28527800
1/7/2016,51.130001,51.720001,51.07,51.16,47.720455,21400400
5/7/2016,50.830002,51.279999,50.740002,51.169998,47.729782,24806400
6/7/2016,50.779999,51.540001,50.389999,51.380001,47.925667,28167500
7/7/2016,51.419998,51.610001,51.07,51.380001,47.925667,19585200
8/7/2016,51.73,52.360001,51.549999,52.299999,48.78381,28391000
11/7/2016,52.5,52.830002,52.470001,52.59,49.054321,22269200
12/7/2016,52.939999,53.400002,52.790001,53.209999,49.632633,27317600
13/7/2016,53.560001,53.860001,53.18,53.509998,49.912457,25356800
14/7/2016,53.84,53.990002,53.580002,53.740002,50.127003,24545500
15/7/2016,53.950001,54,53.209999,53.700001,50.089695,32024400
18/7/2016,53.700001,54.34,53.549999,53.959999,50.332211,31433900
19/7/2016,53.709999,53.900002,52.93,53.09,49.520702,53336500
20/7/2016,56.150002,56.84,55.529999,55.91,52.151108,89893300
21/7/2016,55.98,56.23,55.759998,55.799999,52.048508,32776700
22/7/2016,56.080002,56.630001,55.779999,56.57,52.766743,32157200
25/7/2016,56.470001,56.740002,56.259998,56.73,52.91597,25610600
26/7/2016,56.52,57.290001,56.509998,56.759998,52.943954,28079000
27/7/2016,56.610001,56.799999,56.110001,56.189999,52.412281,32327500
28/7/2016,56,56.369999,55.720001,56.209999,52.430939,37550400
29/7/2016,56.259998,56.759998,56.049999,56.68,52.869335,30558700
1/8/2016,56.599998,56.75,56.139999,56.580002,52.776062,26003400
2/8/2016,56.849998,56.900002,56.310001,56.580002,52.776062,35122000
3/8/2016,56.68,57.110001,56.490002,56.970001,53.139847,22075600
4/8/2016,56.799999,57.52,56.669998,57.389999,53.531605,26587700
5/8/2016,57.650002,58.209999,57.450001,57.959999,54.063278,29335200
8/8/2016,58.060001,58.09,57.779999,58.060001,54.156563,19473500
9/8/2016,58.169998,58.5,58.02,58.200001,54.287144,16920700
10/8/2016,58.16,58.32,57.82,58.02,54.119259,15756900
11/8/2016,58.029999,58.450001,58.029999,58.299999,54.380424,18162300
12/8/2016,58.029999,58.189999,57.619999,57.939999,54.044632,21655200
15/8/2016,58.009998,58.5,57.959999,58.119999,54.212524,19283900
16/8/2016,57.610001,57.619999,57.27,57.439999,53.912174,20523500
17/8/2016,57.540001,57.68,57.23,57.560001,54.024803,18856400
18/8/2016,57.419998,57.700001,57.27,57.599998,54.062355,14214300
19/8/2016,57.43,57.73,57.200001,57.619999,54.081123,17271000
22/8/2016,57.599998,57.75,57.259998,57.669998,54.128052,15221900
23/8/2016,57.900002,58.18,57.849998,57.889999,54.334541,18732400
24/8/2016,57.799999,58.040001,57.720001,57.950001,54.390858,18151500
25/8/2016,57.880001,58.290001,57.779999,58.169998,54.597343,18552600
26/8/2016,58.279999,58.700001,57.689999,58.029999,54.465939,20971200
29/8/2016,58.18,58.599998,58.099998,58.099998,54.531643,16417200
30/8/2016,57.98,58.189999,57.610001,57.889999,54.334541,16930200
31/8/2016,57.650002,57.799999,57.299999,57.459999,53.930954,20860300
1/9/2016,57.009998,57.82,57.009998,57.59,54.052967,26075400
2/9/2016,57.669998,58.189999,57.419998,57.669998,54.128052,18900500
6/9/2016,57.779999,57.799999,57.209999,57.610001,54.071743,16278400
7/9/2016,57.470001,57.84,57.41,57.66,54.118664,17493400
8/9/2016,57.630001,57.790001,57.18,57.43,53.90279,20146100
9/9/2016,56.790001,57.52,56.209999,56.209999,52.757725,35113900
12/9/2016,56,57.209999,55.610001,57.049999,53.546135,29303000
13/9/2016,56.5,56.650002,56.049999,56.529999,53.058075,30130200
14/9/2016,56.389999,56.630001,56.029999,56.259998,52.804646,24062500
15/9/2016,56.150002,57.349998,55.98,57.189999,53.677528,26847000
16/9/2016,57.630001,57.630001,56.75,57.25,53.733849,44607000
19/9/2016,57.27,57.75,56.849998,56.93,53.433506,20937100
20/9/2016,57.349998,57.349998,56.75,56.810001,53.320869,17384000
21/9/2016,57.509998,57.849998,57.080002,57.759998,54.212521,33707300
22/9/2016,57.919998,58,57.630001,57.82,54.268845,19822200
23/9/2016,57.869999,57.91,57.380001,57.43,53.90279,19955300
26/9/2016,57.080002,57.139999,56.830002,56.900002,53.405354,21688700
27/9/2016,56.93,58.060001,56.68,57.950001,54.390858,28065100
28/9/2016,57.880001,58.060001,57.669998,58.029999,54.465939,20536400
29/9/2016,57.810001,58.169998,57.209999,57.400002,53.874641,25463500
30/9/2016,57.57,57.77,57.34,57.599998,54.062355,29910800
3/10/2016,57.41,57.549999,57.060001,57.419998,53.89341,19189500
4/10/2016,57.27,57.599998,56.970001,57.240002,53.724464,20085900
5/10/2016,57.290001,57.959999,57.259998,57.639999,54.099899,16726400
6/10/2016,57.740002,57.860001,57.279999,57.740002,54.193756,16212600
7/10/2016,57.849998,57.98,57.419998,57.799999,54.250069,20089000
10/10/2016,57.91,58.389999,57.869999,58.040001,54.47533,18196500
11/10/2016,57.889999,58.02,56.889999,57.189999,53.677528,26497400
12/10/2016,57.110001,57.27,56.400002,57.110001,53.602444,22177500
13/10/2016,56.700001,57.299999,56.32,56.919998,53.424122,25313700
14/10/2016,57.119999,57.740002,57.119999,57.419998,53.89341,27402500
17/10/2016,57.360001,57.459999,56.869999,57.220001,53.705692,23830000
18/10/2016,57.529999,57.950001,57.41,57.66,54.118664,19149500
19/10/2016,57.470001,57.84,57.400002,57.529999,53.996651,22878400
20/10/2016,57.5,57.52,56.66,57.25,53.733849,49455600
21/10/2016,60.279999,60.450001,59.490002,59.66,55.995831,80032200
24/10/2016,59.939999,61,59.93,61,57.253532,54067000
25/10/2016,60.849998,61.369999,60.799999,60.990002,57.244148,35137200
26/10/2016,60.810001,61.200001,60.470001,60.630001,56.90625,29911600
27/10/2016,60.610001,60.830002,60.09,60.099998,56.408806,28479900
28/10/2016,60.009998,60.52,59.580002,59.869999,56.192932,33574700
31/10/2016,60.16,60.419998,59.919998,59.919998,56.239861,26434700
1/11/2016,59.970001,60.02,59.25,59.799999,56.127235,24533000
2/11/2016,59.82,59.93,59.299999,59.43,55.779957,22147000
3/11/2016,59.529999,59.639999,59.110001,59.209999,55.573471,21600400
4/11/2016,58.650002,59.279999,58.52,58.709999,55.104179,28697000
7/11/2016,59.779999,60.52,59.779999,60.419998,56.709156,31664800
8/11/2016,60.549999,60.779999,60.150002,60.470001,56.756084,22935400
9/11/2016,60,60.59,59.200001,60.169998,56.474503,49632500
10/11/2016,60.48,60.490002,57.630001,58.700001,55.094799,57822400
11/11/2016,58.23,59.119999,58.009998,59.02,55.395142,38767800
14/11/2016,59.02,59.080002,57.279999,58.119999,54.550411,41328400
15/11/2016,58.330002,59.490002,58.32,58.869999,55.627632,35904100
16/11/2016,58.939999,59.66,58.810001,59.650002,56.364674,27332500
17/11/2016,60.41,60.950001,59.970001,60.639999,57.30014,32132700
18/11/2016,60.779999,61.139999,60.299999,60.349998,57.026115,27686300
21/11/2016,60.5,60.970001,60.419998,60.860001,57.508022,19652600
22/11/2016,60.98,61.259998,60.810001,61.119999,57.753696,23206700
23/11/2016,61.009998,61.099998,60.25,60.400002,57.073364,21848900
25/11/2016,60.299999,60.529999,60.130001,60.529999,57.196201,8409600
28/11/2016,60.34,61.02,60.209999,60.610001,57.271793,20732600
29/11/2016,60.650002,61.41,60.52,61.09,57.725357,22366700
30/11/2016,60.860001,61.18,60.220001,60.259998,56.941071,34655400
1/12/2016,60.110001,60.150002,58.939999,59.200001,55.939449,34542100
2/12/2016,59.080002,59.470001,58.799999,59.25,55.986698,25515700
5/12/2016,59.700001,60.59,59.560001,60.220001,56.903275,23552700
6/12/2016,60.43,60.459999,59.799999,59.950001,56.648148,19907000
7/12/2016,60.009998,61.380001,59.799999,61.369999,57.989937,30809000
8/12/2016,61.299999,61.580002,60.84,61.009998,57.649757,21220800
9/12/2016,61.18,61.990002,61.130001,61.970001,58.556896,27349400
12/12/2016,61.82,62.299999,61.720001,62.169998,58.745872,20198100
13/12/2016,62.5,63.419998,62.240002,62.98,59.511261,35718900
14/12/2016,63,63.450001,62.529999,62.68,59.227783,30352700
15/12/2016,62.700001,63.150002,62.299999,62.580002,59.133289,27669900
16/12/2016,62.950001,62.950001,62.119999,62.299999,58.86871,42453100
19/12/2016,62.560001,63.77,62.419998,63.619999,60.116005,34338200
20/12/2016,63.689999,63.799999,63.029999,63.540001,60.040417,26028400
21/12/2016,63.43,63.700001,63.119999,63.540001,60.040417,17096300
22/12/2016,63.84,64.099998,63.41,63.549999,60.049877,22176600
23/12/2016,63.450001,63.540001,62.799999,63.240002,59.756943,12403800
27/12/2016,63.209999,64.07,63.209999,63.279999,59.794735,11763200
28/12/2016,63.400002,63.400002,62.830002,62.990002,59.52071,14653300
29/12/2016,62.860001,63.200001,62.73,62.900002,59.435673,10250600
30/12/2016,62.959999,62.990002,62.029999,62.139999,58.717522,25579900
3/1/2017,62.790001,62.84,62.130001,62.580002,59.133289,20694100
4/1/2017,62.48,62.75,62.119999,62.299999,58.86871,21340000
5/1/2017,62.189999,62.66,62.029999,62.299999,58.86871,24876000
6/1/2017,62.299999,63.150002,62.040001,62.84,59.378971,19922900
9/1/2017,62.759998,63.080002,62.540001,62.639999,59.189987,20382700
10/1/2017,62.73,63.07,62.279999,62.619999,59.171085,18593000
11/1/2017,62.610001,63.23,62.43,63.189999,59.709686,21517300
12/1/2017,63.060001,63.400002,61.950001,62.610001,59.161636,20968200
13/1/2017,62.619999,62.869999,62.349998,62.700001,59.246685,19422300
17/1/2017,62.68,62.700001,62.029999,62.529999,59.086044,20664000
18/1/2017,62.669998,62.700001,62.119999,62.5,59.057697,19670100
19/1/2017,62.240002,62.98,62.200001,62.299999,58.86871,18451700
20/1/2017,62.669998,62.82,62.369999,62.740002,59.284477,30213500
23/1/2017,62.700001,63.119999,62.57,62.959999,59.492367,23097600
24/1/2017,63.200001,63.740002,62.939999,63.52,60.021526,24672900
25/1/2017,63.950001,64.099998,63.450001,63.68,60.172703,23672700
26/1/2017,64.120003,64.540001,63.549999,64.269997,60.730209,43554600
27/1/2017,65.389999,65.910004,64.889999,65.779999,62.157043,44818000
30/1/2017,65.690002,65.790001,64.800003,65.129997,61.542835,31651400
31/1/2017,64.860001,65.150002,64.260002,64.650002,61.089279,25270500
1/2/2017,64.360001,64.620003,63.470001,63.580002,60.07822,39671500
2/2/2017,63.25,63.41,62.75,63.169998,59.690788,45827000
3/2/2017,63.5,63.700001,63.07,63.68,60.172703,30301800
6/2/2017,63.5,63.650002,63.139999,63.639999,60.134907,19796400
7/2/2017,63.740002,63.779999,63.23,63.43,59.936474,20277200
8/2/2017,63.57,63.810001,63.220001,63.34,59.851437,18096400
9/2/2017,63.52,64.440002,63.32,64.059998,60.531776,22644400
10/2/2017,64.25,64.300003,63.98,64,60.475086,18170700
13/2/2017,64.239998,64.860001,64.129997,64.720001,61.155426,22920100
14/2/2017,64.410004,64.720001,64.019997,64.57,61.383595,23108400
15/2/2017,64.5,64.57,64.160004,64.529999,61.345562,17005200
16/2/2017,64.739998,65.239998,64.440002,64.519997,61.336044,20546300
17/2/2017,64.470001,64.690002,64.300003,64.620003,61.431122,21248800
21/2/2017,64.610001,64.949997,64.449997,64.489998,61.307537,20655900
22/2/2017,64.330002,64.389999,64.050003,64.360001,61.183949,19292700
23/2/2017,64.419998,64.730003,64.190002,64.620003,61.431122,20273100
24/2/2017,64.529999,64.800003,64.139999,64.620003,61.431122,21796800
27/2/2017,64.540001,64.540001,64.050003,64.230003,61.060368,15871500
28/2/2017,64.080002,64.199997,63.759998,63.98,60.822701,23239800
1/3/2017,64.129997,64.989998,64.019997,64.940002,61.73534,26937500
2/3/2017,64.690002,64.75,63.880001,64.010002,60.851223,24539600
3/3/2017,63.990002,64.279999,63.619999,64.25,61.079372,18135900
6/3/2017,63.970001,64.559998,63.810001,64.269997,61.098389,18750300
7/3/2017,64.190002,64.779999,64.190002,64.400002,61.221981,18521000
8/3/2017,64.260002,65.080002,64.25,64.989998,61.782856,21510900
9/3/2017,65.190002,65.199997,64.480003,64.730003,61.535694,19846800
10/3/2017,65.110001,65.260002,64.75,64.93,61.725811,19538200
13/3/2017,65.010002,65.190002,64.57,64.709999,61.516678,20100000
14/3/2017,64.529999,64.550003,64.150002,64.410004,61.23148,14280200
15/3/2017,64.550003,64.919998,64.25,64.75,61.554707,24833800
16/3/2017,64.75,64.760002,64.300003,64.639999,61.45013,20674300
17/3/2017,64.910004,65.239998,64.68,64.870003,61.668781,49219700
20/3/2017,64.910004,65.18,64.720001,64.93,61.725811,14598100
21/3/2017,65.190002,65.5,64.129997,64.209999,61.041351,26640500
22/3/2017,64.120003,65.139999,64.120003,65.029999,61.820881,20680000
23/3/2017,64.940002,65.239998,64.769997,64.870003,61.668781,19269200
24/3/2017,65.360001,65.449997,64.760002,64.980003,61.773365,22617100
27/3/2017,64.629997,65.220001,64.349998,65.099998,61.887432,18614700
28/3/2017,64.959999,65.470001,64.650002,65.290001,62.068058,20080400
29/3/2017,65.120003,65.5,64.949997,65.470001,62.239174,13618400
30/3/2017,65.419998,65.980003,65.360001,65.709999,62.467327,15122800
31/3/2017,65.650002,66.190002,65.449997,65.860001,62.609928,21040300
3/4/2017,65.809998,65.940002,65.190002,65.550003,62.315228,20400900
4/4/2017,65.389999,65.809998,65.279999,65.730003,62.486347,12997400
5/4/2017,66.300003,66.349998,65.440002,65.559998,62.324734,21448600
6/4/2017,65.599998,66.059998,65.480003,65.730003,62.486347,18103500
7/4/2017,65.849998,65.959999,65.440002,65.68,62.438808,14108500
10/4/2017,65.610001,65.82,65.360001,65.529999,62.296192,17952700
11/4/2017,65.599998,65.610001,64.849998,65.480003,62.248676,18791500
12/4/2017,65.419998,65.510002,65.110001,65.230003,62.011013,17108500
13/4/2017,65.290001,65.860001,64.949997,64.949997,61.744827,17896500
17/4/2017,65.040001,65.489998,65.010002,65.480003,62.248676,16689300
18/4/2017,65.330002,65.709999,65.160004,65.389999,62.163124,15155600
19/4/2017,65.650002,65.75,64.889999,65.040001,61.830387,26992800
20/4/2017,65.459999,65.75,65.139999,65.5,62.267696,22299500
21/4/2017,65.669998,66.699997,65.449997,66.400002,63.123283,32522600
24/4/2017,67.480003,67.660004,67.099998,67.529999,64.19751,29770000
25/4/2017,67.900002,68.040001,67.599998,67.919998,64.568283,30242700
26/4/2017,68.080002,68.309998,67.620003,67.830002,64.482712,26190800
27/4/2017,68.150002,68.379997,67.580002,68.269997,64.900993,34971000
28/4/2017,68.910004,69.139999,67.690002,68.459999,65.081627,39548800
1/5/2017,68.68,69.550003,68.5,69.410004,65.984741,31954400
2/5/2017,69.709999,69.709999,69.129997,69.300003,65.880165,23906100
3/5/2017,69.379997,69.379997,68.709999,69.080002,65.671036,28928000
4/5/2017,69.029999,69.080002,68.639999,68.809998,65.414337,21749400
5/5/2017,68.900002,69.029999,68.489998,69,65.594978,19128800
8/5/2017,68.970001,69.050003,68.419998,68.940002,65.537918,18566100
9/5/2017,68.860001,69.279999,68.68,69.040001,65.633011,22858400
10/5/2017,68.989998,69.559998,68.919998,69.309998,65.889679,17977800
11/5/2017,68.360001,68.730003,68.120003,68.459999,65.081627,28789400
12/5/2017,68.610001,68.610001,68.040001,68.379997,65.005577,18714100
15/5/2017,68.139999,68.480003,67.57,68.43,65.053108,31530300
16/5/2017,68.230003,69.440002,68.160004,69.410004,66.362968,34956000
17/5/2017,68.889999,69.099998,67.43,67.480003,64.517685,30548800
18/5/2017,67.400002,68.129997,67.139999,67.709999,64.737587,25201300
19/5/2017,67.5,68.099998,67.43,67.690002,64.718475,26961100
22/5/2017,67.889999,68.5,67.5,68.449997,65.445099,16237600
23/5/2017,68.720001,68.75,68.379997,68.68,65.665009,15425800
24/5/2017,68.870003,68.879997,68.449997,68.769997,65.75106,14593900
25/5/2017,68.970001,69.879997,68.910004,69.620003,66.563751,21854100
26/5/2017,69.800003,70.220001,69.519997,69.959999,66.888802,19827900
30/5/2017,69.790001,70.410004,69.769997,70.410004,67.319077,17072800
31/5/2017,70.529999,70.739998,69.809998,69.839996,66.774078,30436400
1/6/2017,70.239998,70.610001,69.449997,70.099998,67.022667,21603600
2/6/2017,70.440002,71.860001,70.239998,71.760002,68.609795,34770300
5/6/2017,71.970001,72.889999,71.809998,72.279999,69.106972,33316800
6/6/2017,72.300003,72.620003,72.269997,72.519997,69.336433,31511100
7/6/2017,72.639999,72.769997,71.949997,72.389999,69.212143,22301800
8/6/2017,72.510002,72.519997,71.5,71.949997,68.791458,24588300
9/6/2017,72.040001,72.080002,68.589996,70.32,67.233017,49187400
12/6/2017,69.25,69.940002,68.129997,69.779999,66.716705,47761700
13/6/2017,70.019997,70.82,69.959999,70.650002,67.548523,25258600
14/6/2017,70.910004,71.099998,69.43,70.269997,67.185211,25510700
15/6/2017,69.269997,70.209999,68.800003,69.900002,66.831459,26068700
16/6/2017,69.730003,70.029999,69.220001,70,66.927071,48345100
19/6/2017,70.5,70.940002,70.349998,70.870003,67.758865,23798300
20/6/2017,70.82,70.870003,69.870003,69.910004,66.841011,21512200
21/6/2017,70.209999,70.620003,69.940002,70.269997,67.185211,19891100
22/6/2017,70.540001,70.589996,69.709999,70.260002,67.175644,22965700
23/6/2017,70.089996,71.25,69.919998,71.209999,68.083939,27617300
26/6/2017,71.400002,71.709999,70.440002,70.529999,67.433784,19607000
27/6/2017,70.110001,70.18,69.18,69.209999,66.171738,25215100
28/6/2017,69.209999,69.839996,68.790001,69.800003,66.735847,25806200
29/6/2017,69.379997,69.489998,68.089996,68.489998,65.483353,28918700
30/6/2017,68.779999,69.379997,68.739998,68.93,65.90403,24161100
3/7/2017,69.330002,69.599998,68.019997,68.169998,65.177391,16165500
5/7/2017,68.260002,69.440002,68.220001,69.080002,66.04744,21176300
6/7/2017,68.269997,68.779999,68.120003,68.57,65.559837,21117600
7/7/2017,68.699997,69.839996,68.699997,69.459999,66.410767,16878300
10/7/2017,69.459999,70.25,69.199997,69.980003,66.907944,15014500
11/7/2017,70,70.68,69.75,69.989998,66.917488,17460000
12/7/2017,70.690002,71.279999,70.550003,71.150002,68.026588,17750900
13/7/2017,71.5,72.040001,71.309998,71.769997,68.619354,20269800
14/7/2017,72.239998,73.269997,71.959999,72.779999,69.58503,25868100
17/7/2017,72.800003,73.449997,72.720001,73.349998,70.129997,21803900
18/7/2017,73.089996,73.389999,72.660004,73.300003,70.082191,26435300
19/7/2017,73.5,74.040001,73.449997,73.860001,70.617607,22416200
20/7/2017,74.18,74.300003,73.279999,74.220001,70.961807,42361000
21/7/2017,73.449997,74.290001,73.169998,73.790001,70.550682,46717100
24/7/2017,73.529999,73.75,73.129997,73.599998,70.369026,21394800
25/7/2017,73.800003,74.309998,73.5,74.190002,70.933136,22018700
26/7/2017,74.339996,74.379997,73.809998,74.050003,70.799263,16252200
27/7/2017,73.760002,74.419998,72.32,73.160004,69.948341,36844200
28/7/2017,72.669998,73.309998,72.540001,73.040001,69.833595,18306700
31/7/2017,73.300003,73.440002,72.410004,72.699997,69.50853,23600100
1/8/2017,73.099998,73.419998,72.489998,72.580002,69.393814,22132300
2/8/2017,72.550003,72.559998,71.440002,72.260002,69.087852,26499200
3/8/2017,72.190002,72.440002,71.849998,72.150002,68.982681,18214400
4/8/2017,72.400002,73.040001,72.239998,72.68,69.489418,22579000
7/8/2017,72.800003,72.900002,72.260002,72.400002,69.22171,18705700
8/8/2017,72.089996,73.129997,71.75,72.790001,69.594582,22044600
9/8/2017,72.25,72.510002,72.050003,72.470001,69.288635,22213400
10/8/2017,71.900002,72.190002,71.349998,71.410004,68.275154,24734500
11/8/2017,71.610001,72.699997,71.279999,72.5,69.317314,21443700
14/8/2017,73.059998,73.720001,72.949997,73.589996,70.359459,20096600
15/8/2017,73.589996,73.589996,73.040001,73.220001,70.378693,19181400
16/8/2017,73.339996,74.099998,73.169998,73.650002,70.792,18150400
17/8/2017,73.580002,73.870003,72.400002,72.400002,69.590508,22977500
18/8/2017,72.269997,72.839996,71.93,72.489998,69.677017,18761500
21/8/2017,72.470001,72.480003,71.699997,72.150002,69.350212,17734800
22/8/2017,72.349998,73.239998,72.349998,73.160004,70.32103,14343700
23/8/2017,72.959999,73.150002,72.529999,72.720001,69.898102,13766500
24/8/2017,72.739998,72.860001,72.07,72.690002,69.869255,17098300
25/8/2017,72.860001,73.349998,72.480003,72.82,69.994194,12794300
28/8/2017,73.059998,73.089996,72.550003,72.830002,70.003822,14569700
29/8/2017,72.25,73.160004,72.050003,73.050003,70.215279,11478400
30/8/2017,73.010002,74.209999,72.830002,74.010002,71.138023,16897800
31/8/2017,74.029999,74.959999,73.800003,74.769997,71.868546,27652800
1/9/2017,74.709999,74.739998,73.639999,73.940002,71.070747,21736200
5/9/2017,73.339996,73.889999,72.980003,73.610001,70.753555,21556000
6/9/2017,73.739998,74.040001,73.349998,73.400002,70.551704,16535800
7/9/2017,73.68,74.599998,73.599998,74.339996,71.455215,17471200
8/9/2017,74.330002,74.440002,73.839996,73.980003,71.1092,14703800
11/9/2017,74.309998,74.940002,74.309998,74.760002,71.858925,17910400
12/9/2017,74.760002,75.239998,74.370003,74.68,71.782036,14394900
13/9/2017,74.93,75.230003,74.550003,75.209999,72.291473,13380800
14/9/2017,75,75.489998,74.519997,74.769997,71.868546,15733900
15/9/2017,74.830002,75.389999,74.07,75.309998,72.387573,38578400
18/9/2017,75.230003,75.970001,75.040001,75.160004,72.243408,23307000
19/9/2017,75.209999,75.709999,75.010002,75.440002,72.51255,16093300
20/9/2017,75.349998,75.550003,74.309998,74.940002,72.031944,21587900
21/9/2017,75.110001,75.239998,74.110001,74.209999,71.330261,19186100
22/9/2017,73.989998,74.510002,73.849998,74.410004,71.522507,14111400
25/9/2017,74.089996,74.25,72.919998,73.260002,70.41713,24149200
26/9/2017,73.669998,73.809998,72.989998,73.260002,70.41713,18019600
27/9/2017,73.550003,74.169998,73.169998,73.849998,70.984238,19565100
28/9/2017,73.540001,73.970001,73.309998,73.870003,71.003471,10883800
29/9/2017,73.940002,74.540001,73.879997,74.489998,71.599403,17079100
2/10/2017,74.709999,75.010002,74.300003,74.610001,71.714737,15304800
3/10/2017,74.669998,74.879997,74.190002,74.260002,71.378334,12190400
4/10/2017,74.089996,74.720001,73.709999,74.690002,71.791641,13317700
5/10/2017,75.220001,76.120003,74.959999,75.970001,73.021965,21195300
6/10/2017,75.669998,76.029999,75.540001,76,73.050812,13959800
9/10/2017,75.970001,76.550003,75.860001,76.290001,73.329559,11386500
10/10/2017,76.330002,76.629997,76.139999,76.290001,73.329559,13944500
11/10/2017,76.360001,76.459999,75.949997,76.419998,73.454506,15388900
12/10/2017,76.489998,77.290001,76.370003,77.120003,74.127335,16876500
13/10/2017,77.589996,77.870003,77.290001,77.489998,74.482979,15335700
16/10/2017,77.419998,77.809998,77.349998,77.650002,74.63678,12380100
17/10/2017,77.470001,77.620003,77.25,77.589996,74.579109,16824000
18/10/2017,77.669998,77.849998,77.370003,77.610001,74.598328,13300700
19/10/2017,77.57,77.93,77.349998,77.910004,74.886696,15092800
20/10/2017,78.32,78.970001,78.220001,78.809998,75.75177,22866400
23/10/2017,78.989998,79.339996,78.760002,78.830002,75.770988,20627200
24/10/2017,78.900002,79.199997,78.459999,78.860001,75.79982,17517200
25/10/2017,78.580002,79.099998,78.010002,78.629997,75.578758,20410800
26/10/2017,79.199997,79.419998,78.75,78.760002,75.703697,32120700
27/10/2017,84.370003,86.199997,83.610001,83.809998,80.557732,71066700
30/10/2017,83.699997,84.330002,83.110001,83.889999,80.634636,31756700
31/10/2017,84.360001,84.360001,83.110001,83.18,79.952187,27086600
1/11/2017,83.68,83.760002,82.879997,83.18,79.952187,22307400
2/11/2017,83.349998,84.459999,83.120003,84.050003,80.788429,23992900
3/11/2017,84.080002,84.540001,83.400002,84.139999,80.874931,17633500
6/11/2017,84.199997,84.699997,84.080002,84.470001,81.192139,19860900
7/11/2017,84.769997,84.900002,83.93,84.269997,80.999878,17939700
8/11/2017,84.139999,84.610001,83.830002,84.559998,81.278625,18034200
9/11/2017,84.110001,84.269997,82.900002,84.089996,80.826859,21178400
10/11/2017,83.790001,84.099998,83.230003,83.870003,80.615417,19397800
13/11/2017,83.660004,83.940002,83.459999,83.93,80.67308,14196900
14/11/2017,83.5,84.099998,82.980003,84.050003,80.788429,18801300
15/11/2017,83.470001,83.690002,82.690002,82.980003,80.160522,19383100
16/11/2017,83.099998,83.419998,82.940002,83.199997,80.373032,20962800
17/11/2017,83.120003,83.120003,82.239998,82.400002,79.600227,22079000
20/11/2017,82.400002,82.589996,82.25,82.529999,79.7258,16315000
21/11/2017,82.739998,83.839996,82.739998,83.720001,80.875366,21237500
22/11/2017,83.830002,83.900002,83.040001,83.110001,80.28611,20553100
24/11/2017,83.010002,83.43,82.779999,83.260002,80.430992,7425600
27/11/2017,83.309998,83.980003,83.300003,83.870003,81.020279,18265200
28/11/2017,84.07,85.059998,84.019997,84.879997,81.995956,21926000
29/11/2017,84.709999,84.919998,83.18,83.339996,80.508278,27381100
30/11/2017,83.510002,84.519997,83.339996,84.169998,81.310074,33054600
1/12/2017,83.599998,84.809998,83.220001,84.260002,81.397026,29532100
4/12/2017,84.419998,84.43,80.699997,81.080002,78.325081,39094900
5/12/2017,81.339996,82.68,80.980003,81.589996,78.817734,26152300
6/12/2017,81.550003,83.139999,81.43,82.779999,79.9673,26162100
7/12/2017,82.540001,82.800003,82,82.489998,79.687149,23184500
8/12/2017,83.629997,84.580002,83.330002,84.160004,81.300423,24489100
11/12/2017,84.290001,85.370003,84.120003,85.230003,82.334061,22857900
12/12/2017,85.309998,86.050003,85.080002,85.580002,82.672165,23924100
13/12/2017,85.739998,86,85.169998,85.349998,82.449982,22062700
14/12/2017,85.43,85.870003,84.529999,84.690002,81.812401,19306000
15/12/2017,85.260002,87.089996,84.879997,86.849998,83.899017,53936700
18/12/2017,87.120003,87.5,86.230003,86.379997,83.444984,22283800
19/12/2017,86.349998,86.349998,85.269997,85.830002,82.913681,23524800
20/12/2017,86.199997,86.300003,84.709999,85.519997,82.614212,23674900
21/12/2017,86.050003,86.099998,85.400002,85.5,82.594894,17990700
22/12/2017,85.400002,85.629997,84.919998,85.510002,82.604538,14145800
26/12/2017,85.309998,85.529999,85.029999,85.400002,82.498283,9891200
27/12/2017,85.650002,85.980003,85.220001,85.709999,82.797745,14678000
28/12/2017,85.900002,85.93,85.550003,85.720001,82.807411,10594300
29/12/2017,85.629997,86.050003,85.5,85.540001,82.633545,18717400
2/1/2018,86.129997,86.309998,85.5,85.949997,83.029594,22483800
3/1/2018,86.059998,86.510002,85.970001,86.349998,83.415993,26061400
4/1/2018,86.589996,87.660004,86.57,87.110001,84.150192,21912000
5/1/2018,87.660004,88.410004,87.43,88.190002,85.193497,23407100
8/1/2018,88.199997,88.580002,87.599998,88.279999,85.280426,22113000
9/1/2018,88.650002,88.730003,87.860001,88.220001,85.222473,19484300
10/1/2018,87.860001,88.190002,87.410004,87.82,84.83606,18652200
11/1/2018,88.129997,88.129997,87.239998,88.080002,85.087219,17808900
12/1/2018,88.669998,89.779999,88.449997,89.599998,86.555573,24271500
16/1/2018,90.099998,90.790001,88.010002,88.349998,85.348045,36599700
17/1/2018,89.080002,90.279999,88.75,90.139999,87.077217,25621200
18/1/2018,89.800003,90.669998,89.660004,90.099998,87.038597,24159700
19/1/2018,90.139999,90.610001,89.660004,90,86.941986,36875000
22/1/2018,90,91.620003,89.739998,91.610001,88.497276,23601600
23/1/2018,91.900002,92.300003,91.540001,91.900002,88.777435,23412800
24/1/2018,92.550003,93.43,91.580002,91.82,88.700134,33277500
25/1/2018,92.470001,93.239998,91.93,92.330002,89.192825,26383200
26/1/2018,93.120003,94.059998,92.580002,94.059998,90.864044,29172200
29/1/2018,95.139999,95.449997,93.720001,93.919998,90.72879,31569900
30/1/2018,93.300003,93.660004,92.099998,92.739998,89.588882,38635100
31/1/2018,93.75,95.400002,93.510002,95.010002,91.781754,48756300
1/2/2018,94.790001,96.07,93.580002,94.260002,91.057243,47227900
2/2/2018,93.639999,93.970001,91.5,91.779999,88.661499,47867800
5/2/2018,90.559998,93.239998,88,88,85.009949,51031500
6/2/2018,86.889999,91.480003,85.25,91.330002,88.226784,67998600
7/2/2018,90.489998,91.769997,89.199997,89.610001,86.565231,41107600
8/2/2018,89.709999,89.879997,84.760002,85.010002,82.121544,55628700
9/2/2018,86.300003,88.93,83.830002,88.18,85.183823,63499100
12/2/2018,88.739998,89.779999,87.93,89.129997,86.101532,35720300
13/2/2018,88.93,90,87.800003,89.830002,86.777771,26407700
14/2/2018,88.510002,90.989998,88.410004,90.809998,88.136551,34960900
15/2/2018,91.209999,92.720001,90.620003,92.660004,89.932083,27823900
16/2/2018,92.449997,93.5,91.800003,92,89.291519,30596900
20/2/2018,91.480003,93.059998,91.010002,92.720001,89.990318,30911700
21/2/2018,92.980003,93.360001,91.489998,91.489998,88.796516,26922500
22/2/2018,92.050003,92.730003,91.360001,91.730003,89.029465,24392800
23/2/2018,93.599998,94.07,92.360001,94.059998,91.290871,26329200
26/2/2018,94.400002,95.449997,94.25,95.419998,92.610817,30199800
27/2/2018,95.739998,95.839996,94.199997,94.199997,91.426758,25869100
28/2/2018,94.839996,95.709999,93.629997,93.769997,91.009407,31167300
1/3/2018,93.989998,94.57,91.839996,92.849998,90.116493,37135600
2/3/2018,91.580002,93.150002,90.860001,93.050003,90.310608,32830400
5/3/2018,92.339996,94.269997,92.260002,93.639999,90.883232,23901600
6/3/2018,94.339996,94.489998,92.940002,93.32,90.572647,22175800
7/3/2018,93.160004,93.940002,92.43,93.860001,91.096756,26716100
8/3/2018,94.269997,95.099998,93.769997,94.43,91.649971,25887800
9/3/2018,95.290001,96.540001,95,96.540001,93.697861,36937300
12/3/2018,96.5,97.209999,96.040001,96.769997,93.921074,26073700
13/3/2018,97,97.239998,93.970001,94.410004,91.630577,35387800
14/3/2018,95.120003,95.410004,93.5,93.849998,91.087044,32132000
15/3/2018,93.529999,94.580002,92.830002,94.18,91.407333,27611000
16/3/2018,94.68,95.379997,93.919998,94.599998,91.814964,49081300
19/3/2018,93.739998,93.900002,92.110001,92.889999,90.155304,33344100
20/3/2018,93.050003,93.769997,93,93.129997,90.388237,23075200
21/3/2018,92.93,94.050003,92.209999,92.480003,89.757385,24457100
22/3/2018,91.269997,91.75,89.660004,89.790001,87.146576,38604700
23/3/2018,89.5,90.459999,87.080002,87.18,84.613426,44068900
26/3/2018,90.610001,94,90.400002,93.779999,91.019112,56396800
27/3/2018,94.940002,95.139999,88.510002,89.470001,86.835999,56569000
28/3/2018,89.82,91.230003,88.870003,89.389999,86.758347,52501100
29/3/2018,90.18,92.290001,88.400002,91.269997,88.583,45867500
2/4/2018,90.470001,90.879997,87.510002,88.519997,85.913963,48515400
3/4/2018,89.580002,90.050003,87.889999,89.709999,87.068924,37213800
4/4/2018,87.849998,92.760002,87.730003,92.330002,89.611801,35560000
5/4/2018,92.440002,93.07,91.400002,92.379997,89.660324,29771900
6/4/2018,91.489998,92.459999,89.480003,90.230003,87.573624,38026000
9/4/2018,91.040001,93.169998,90.620003,90.769997,88.097717,31533900
10/4/2018,92.389999,93.279999,91.639999,92.879997,90.145599,26812000
11/4/2018,92.010002,93.290001,91.480003,91.860001,89.155632,24872100
12/4/2018,92.43,94.160004,92.43,93.580002,90.824997,26758900
13/4/2018,94.050003,94.18,92.440002,93.080002,90.339714,23346100
16/4/2018,94.07,94.660004,93.419998,94.169998,91.397629,20288100
17/4/2018,95,96.540001,94.879997,96.07,93.241684,26771000
18/4/2018,96.220001,96.720001,95.519997,96.440002,93.6008,21043300
19/4/2018,96.440002,97.07,95.339996,96.110001,93.28051,23552500
20/4/2018,95.910004,96.110001,94.050003,95,92.203186,31154400
23/4/2018,95.739998,96.290001,94.629997,95.349998,92.542877,22331800
24/4/2018,96.239998,96.470001,92.410004,93.120003,90.378532,34524800
25/4/2018,93.300003,93.300003,90.279999,92.309998,89.592384,33729300
26/4/2018,93.550003,95.150002,93.099998,94.260002,91.484978,42529000
27/4/2018,97.599998,97.900002,93.910004,95.82,92.999054,48272800
30/4/2018,96.330002,96.400002,93.150002,93.519997,90.766754,41523600
1/5/2018,93.209999,95.290001,92.790001,95,92.203186,31408900
2/5/2018,94.989998,95.169998,93.190002,93.510002,90.757065,27471000
3/5/2018,92.959999,94.93,92.449997,94.07,91.300568,31142500
4/5/2018,93.32,95.370003,92.919998,95.160004,92.358482,22531300
7/5/2018,95.169998,96.709999,95.099998,96.220001,93.387268,24242000
8/5/2018,95.849998,96.160004,95.059998,95.809998,92.989342,23484600
9/5/2018,96.010002,96.970001,95.050003,96.940002,94.086067,27327400
10/5/2018,97.459999,97.949997,97.050003,97.910004,95.027519,22388100
11/5/2018,97.800003,97.870003,97.040001,97.699997,94.823692,16778300
14/5/2018,97.919998,98.690002,97.309998,98.029999,95.14399,19454100
15/5/2018,97.239998,97.849998,96.339996,97.32,94.454895,24594000
16/5/2018,97.360001,97.400002,96.620003,97.150002,94.698578,17384700
17/5/2018,96.760002,97.540001,95.830002,96.18,93.753059,17246700
18/5/2018,96.010002,96.93,96.010002,96.360001,93.928513,17865800
21/5/2018,97,98.010002,96.800003,97.599998,95.13723,19422500
22/5/2018,97.68,98.169998,97.199997,97.5,95.039757,15441200
23/5/2018,96.709999,98.730003,96.32,98.660004,96.170479,21251200
24/5/2018,98.730003,98.940002,96.809998,98.309998,95.829315,26649300
25/5/2018,98.300003,98.980003,97.860001,98.360001,95.878052,18363900
29/5/2018,97.839996,98.879997,97.230003,98.010002,95.536873,28671000
30/5/2018,98.309998,99.25,97.910004,98.949997,96.453156,22158500
31/5/2018,99.290001,99.989998,98.610001,98.839996,96.34594,34140900
1/6/2018,99.279999,100.860001,99.169998,100.790001,98.246735,28655600
4/6/2018,101.260002,101.860001,100.849998,101.669998,99.10453,27281600
5/6/2018,102,102.330002,101.529999,102.190002,99.611412,23514400
6/6/2018,102.480003,102.599998,101.900002,102.489998,99.903839,21122900
7/6/2018,102.650002,102.690002,100.379997,100.879997,98.334465,28232200
8/6/2018,101.089996,101.949997,100.540001,101.629997,99.065529,22165100
11/6/2018,101.010002,101.589996,100.669998,101.050003,98.500175,23490900
12/6/2018,101.099998,101.449997,100.75,101.309998,98.753616,18325200
13/6/2018,101.720001,102.010002,100.559998,100.849998,98.305222,29492900
14/6/2018,101.650002,102.029999,101,101.419998,98.86084,25691800
15/6/2018,101.510002,101.529999,100.07,100.129997,97.603386,65738600
18/6/2018,100.010002,101.110001,99.419998,100.860001,98.314972,23586000
19/6/2018,99.650002,101,99.5,100.860001,98.314972,28653100
20/6/2018,101.370003,102.519997,101.120003,101.870003,99.299484,26180800
21/6/2018,102.080002,102.459999,100.879997,101.139999,98.587906,23198200
22/6/2018,100.410004,100.769997,99.629997,100.410004,97.876328,38923100
25/6/2018,100,100.110001,97.300003,98.389999,95.907303,35433300
26/6/2018,98.82,100.080002,98.75,99.080002,96.579887,26897200
27/6/2018,99.580002,100.019997,97.400002,97.540001,95.078751,31298400
28/6/2018,97.379997,99.110001,97.260002,98.629997,96.141235,26650700
29/6/2018,98.93,99.910004,98.330002,98.610001,96.12175,28053200
2/7/2018,98.099998,100.059998,98,100.010002,97.48642,19564500
3/7/2018,100.480003,100.629997,98.940002,99.050003,96.550652,14670300
5/7/2018,99.5,99.919998,99.029999,99.760002,97.242729,18977400
6/7/2018,99.889999,101.43,99.669998,101.160004,98.607407,19234600
9/7/2018,101.650002,102.25,101.25,101.849998,99.279984,18212000
10/7/2018,102,102.510002,101.860001,102.120003,99.543167,19293100
11/7/2018,101.150002,102.339996,101.099998,101.980003,99.406708,19644600
12/7/2018,102.769997,104.410004,102.730003,104.190002,101.560951,24335900
13/7/2018,104.370003,105.599998,104.089996,105.43,102.769653,24635200
16/7/2018,105.400002,105.82,104.519997,104.910004,102.262772,21786900
17/7/2018,104.610001,106.5,104.32,105.949997,103.276535,25901700
18/7/2018,105.940002,106.050003,104.720001,105.120003,102.467468,29493900
19/7/2018,104.93,105.309998,103.889999,104.400002,101.765648,40171600
20/7/2018,108.080002,108.199997,106.080002,106.269997,103.588448,56004000
23/7/2018,106.300003,108.139999,106.129997,107.970001,105.245567,29707000
24/7/2018,108.57,108.82,107.260002,107.660004,104.943382,26316600
25/7/2018,107.959999,111.150002,107.599998,110.830002,108.033386,30702100
26/7/2018,110.739998,111,109.5,109.620003,106.853928,31372100
27/7/2018,110.18,110.18,106.139999,107.68,104.962875,37005300
30/7/2018,107.190002,107.529999,104.760002,105.370003,102.711166,34668300
31/7/2018,106.489998,106.720001,105.379997,106.080002,103.403252,27655200
1/8/2018,106.029999,106.449997,105.419998,106.279999,103.598206,23628700
2/8/2018,105.400002,108.089996,104.839996,107.57,104.855652,26104300
3/8/2018,107.800003,108.050003,106.82,108.040001,105.313797,18659600
6/8/2018,108.120003,108.419998,107.559998,108.129997,105.40152,20265900
7/8/2018,108.559998,109.099998,108.169998,108.879997,106.132599,16080200
8/8/2018,109.330002,109.75,108.760002,109.489998,106.727203,15487500
9/8/2018,109.709999,110.160004,109.599998,109.669998,106.902657,13677200
10/8/2018,109.419998,109.690002,108.379997,109,106.249573,18183700
13/8/2018,109.239998,109.580002,108.099998,108.209999,105.4795,18472500
14/8/2018,108.559998,109.75,108.040001,109.559998,106.795441,16788300
15/8/2018,108.489998,108.989998,106.82,107.660004,105.347237,29982800
16/8/2018,108.300003,108.860001,107.300003,107.639999,105.32766,21384300
17/8/2018,107.360001,107.900002,106.690002,107.580002,105.268959,18061500
20/8/2018,107.510002,107.900002,106.480003,106.870003,104.574219,17914200
21/8/2018,106.919998,107.349998,105.849998,105.980003,103.703331,22881900
22/8/2018,105.849998,107.339996,105.779999,107.059998,104.760117,18000600
23/8/2018,107.150002,108.18,106.870003,107.559998,105.249374,18167700
24/8/2018,107.669998,108.559998,107.559998,108.400002,106.071335,17234000
27/8/2018,109.269997,109.639999,108.510002,109.599998,107.245552,19662300
28/8/2018,109.940002,110.5,109.790001,110.260002,107.891388,19151500
29/8/2018,110.449997,112.029999,110.269997,112.019997,109.613571,20818000
30/8/2018,111.669998,112.610001,111.440002,111.949997,109.545074,22798700
31/8/2018,111.690002,112.779999,111.519997,112.330002,109.916916,23222700
4/9/2018,110.849998,111.959999,110.220001,111.709999,109.310234,22634600
5/9/2018,111.010002,111.419998,108.099998,108.489998,106.159401,32872400
6/9/2018,108.25,108.989998,107.510002,108.739998,106.40403,23477600
7/9/2018,108.230003,108.720001,107.230003,108.209999,105.885422,22498600
10/9/2018,108.839996,109.639999,108.360001,109.379997,107.030289,20727900
11/9/2018,108.900002,111.589996,108.889999,111.239998,108.850319,24301800
12/9/2018,111.43,111.849998,110.510002,111.709999,109.310234,18891100
13/9/2018,112.120003,113.730003,112.120003,112.910004,110.484451,26055600
14/9/2018,113.360001,113.730003,112.440002,113.370003,110.93457,19122300
17/9/2018,113.690002,113.699997,111.860001,112.139999,109.730995,20736500
18/9/2018,112.190002,113.699997,111.720001,113.209999,110.778008,22170900
19/9/2018,113.050003,113.32,111.040001,111.699997,109.300438,21728400
20/9/2018,112.279999,113.800003,111.93,113.57,111.13028,23714500
21/9/2018,114,115.290001,113.510002,114.260002,111.805466,71229700
24/9/2018,113.029999,114.900002,112.220001,114.669998,112.206642,27334500
25/9/2018,114.800003,115.099998,113.75,114.449997,111.991356,22668000
26/9/2018,114.470001,115.059998,113.739998,113.980003,111.531479,19352000
27/9/2018,114.779999,114.910004,114.199997,114.410004,111.952232,19091300
28/9/2018,114.190002,114.57,113.68,114.370003,111.913086,21647800
1/10/2018,114.75,115.68,114.730003,115.610001,113.126457,18883100
2/10/2018,115.300003,115.839996,114.440002,115.150002,112.676338,20787200
3/10/2018,115.419998,116.18,114.93,115.169998,112.6959,16648000
4/10/2018,114.610001,114.760002,111.629997,112.790001,110.367027,34821700
5/10/2018,112.629997,113.169998,110.639999,112.129997,109.721207,29068900
8/10/2018,111.660004,112.029999,109.339996,110.849998,108.468704,29640600
9/10/2018,111.139999,113.080002,110.800003,112.260002,109.848419,26198600
10/10/2018,111.239998,111.5,105.790001,106.160004,103.879463,61376300
11/10/2018,105.349998,108.93,104.199997,105.910004,103.634827,63904300
12/10/2018,109.010002,111.239998,107.120003,109.57,107.216202,47742100
15/10/2018,108.910004,109.480003,106.949997,107.599998,105.288513,32068100
16/10/2018,109.540001,111.410004,108.949997,111,108.615486,31610200
17/10/2018,111.68,111.809998,109.550003,110.709999,108.331711,26548200
18/10/2018,110.099998,110.529999,107.830002,108.5,106.169189,32506200
19/10/2018,108.93,110.860001,108.209999,108.660004,106.32576,32785500
22/10/2018,109.32,110.540001,108.239998,109.629997,107.274902,26545600
23/10/2018,107.769997,108.970001,105.110001,108.099998,105.777779,43770400
24/10/2018,108.410004,108.489998,101.589996,102.32,100.121948,63897800
25/10/2018,106.550003,109.269997,106.150002,108.300003,105.973495,61646800
26/10/2018,105.690002,108.75,104.760002,106.959999,104.662277,55523100
29/10/2018,108.110001,108.699997,101.629997,103.849998,101.619072,55162000
30/10/2018,103.660004,104.379997,100.110001,103.730003,101.501656,65350900
31/10/2018,105.440002,108.139999,105.389999,106.809998,104.515488,51062400
1/11/2018,107.050003,107.32,105.529999,105.919998,103.644608,33384200
2/11/2018,106.480003,107.32,104.980003,106.160004,103.879463,37680200
5/11/2018,106.370003,107.739998,105.900002,107.510002,105.200462,27922100
6/11/2018,107.379997,108.839996,106.279999,107.720001,105.405945,24340200
7/11/2018,109.440002,112.239998,109.400002,111.959999,109.554855,37901700
8/11/2018,111.800003,112.209999,110.910004,111.75,109.349373,25644100
9/11/2018,110.849998,111.449997,108.760002,109.57,107.216202,32039200
12/11/2018,109.419998,109.959999,106.099998,106.870003,104.574219,33621800
13/11/2018,107.550003,108.739998,106.639999,106.940002,104.642693,35374600
14/11/2018,108.099998,108.260002,104.470001,104.970001,103.158752,39495100
15/11/2018,104.989998,107.800003,103.910004,107.279999,105.428894,38505200
16/11/2018,107.080002,108.879997,106.800003,108.290001,106.421471,33502100
19/11/2018,108.269997,108.559998,103.550003,104.620003,102.814796,44773900
20/11/2018,101.800003,102.970001,99.349998,101.709999,99.955009,64052500
21/11/2018,103.599998,104.43,102.239998,103.110001,101.330849,28130600
23/11/2018,102.169998,103.809998,102,103.07,101.291542,13823100
26/11/2018,104.790001,106.629997,104.580002,106.470001,104.632881,32336200
27/11/2018,106.269997,107.330002,105.360001,107.139999,105.291321,29124500
28/11/2018,107.889999,111.330002,107.860001,111.120003,109.202644,46788500
29/11/2018,110.330002,111.120003,109.029999,110.190002,108.288689,28123200
30/11/2018,110.699997,110.970001,109.360001,110.889999,108.976616,33665600
3/12/2018,113,113.419998,110.730003,112.089996,110.155907,34732800
4/12/2018,111.940002,112.639999,108.209999,108.519997,106.647499,45197000
6/12/2018,105.82,109.239998,105,109.190002,107.305946,49107400
7/12/2018,108.379997,109.449997,104.300003,104.82,103.011345,45044900
10/12/2018,104.800003,107.980003,103.889999,107.589996,105.733536,40801500
11/12/2018,109.800003,110.949997,107.440002,108.589996,106.716286,42381900
12/12/2018,110.889999,111.269997,109.040001,109.080002,107.197845,36183000
13/12/2018,109.580002,110.870003,108.629997,109.449997,107.561447,31333400
14/12/2018,108.25,109.260002,105.5,106.029999,104.20047,47043100
17/12/2018,105.410004,105.800003,101.709999,102.889999,101.114647,56957300
18/12/2018,103.75,104.510002,102.519997,103.970001,102.17601,49319200
19/12/2018,103.650002,106.879997,101.349998,103.690002,101.900848,68198200
20/12/2018,103.050003,104.309998,98.779999,101.510002,99.758461,70334200
21/12/2018,101.629997,103,97.459999,98.230003,96.535049,111242100
24/12/2018,97.68,97.970001,93.980003,94.129997,92.505798,43935200
26/12/2018,95.139999,100.690002,93.959999,100.559998,98.824852,51634800
27/12/2018,99.300003,101.190002,96.400002,101.18,99.434166,49498500
28/12/2018,102.089996,102.410004,99.519997,100.389999,98.657784,38196300
31/12/2018,101.290001,102.400002,100.440002,101.57,99.817421,33173800
2/1/2019,99.550003,101.75,98.940002,101.120003,99.375191,35329300
3/1/2019,100.099998,100.190002,97.199997,97.400002,95.719376,42579100
4/1/2019,99.720001,102.510002,98.93,101.93,100.171211,44060600
7/1/2019,101.639999,103.269997,100.980003,102.059998,100.298965,35656100
8/1/2019,103.040001,103.970001,101.709999,102.800003,101.026199,31514400
9/1/2019,103.860001,104.879997,103.239998,104.269997,102.470825,32280800
10/1/2019,103.220001,103.75,102.379997,103.599998,101.812401,30067600
11/1/2019,103.190002,103.440002,101.639999,102.800003,101.026199,28314200
14/1/2019,101.900002,102.870003,101.260002,102.050003,100.289146,28437100
15/1/2019,102.510002,105.050003,101.879997,105.010002,103.198067,31587600
16/1/2019,105.260002,106.260002,104.959999,105.379997,103.561684,29853900
17/1/2019,105,106.629997,104.760002,106.120003,104.288918,28393000
18/1/2019,107.459999,107.900002,105.910004,107.709999,105.851479,37427600
22/1/2019,106.75,107.099998,104.860001,105.68,103.856506,32371300
23/1/2019,106.120003,107.040001,105.339996,106.709999,104.868729,25874300
24/1/2019,106.860001,107,105.339996,106.199997,104.367531,23164800
25/1/2019,107.239998,107.879997,106.199997,107.169998,105.320793,31225600
28/1/2019,106.260002,106.480003,104.660004,105.080002,103.266861,29476700
29/1/2019,104.879997,104.970001,102.169998,102.940002,101.163788,31490500
30/1/2019,104.620003,106.379997,104.330002,106.379997,104.544426,49471900
31/1/2019,103.800003,105.220001,103.18,104.43,102.628075,55636400
1/2/2019,103.779999,104.099998,102.349998,102.779999,101.006546,35535700
4/2/2019,102.870003,105.800003,102.769997,105.739998,103.915466,31315100
5/2/2019,106.059998,107.269997,105.959999,107.220001,105.369934,27325400
6/2/2019,107,107,105.529999,106.029999,104.20047,20609800
7/2/2019,105.190002,105.589996,104.290001,105.269997,103.453575,29760700
8/2/2019,104.389999,105.779999,104.260002,105.669998,103.84668,21461100
11/2/2019,106.199997,106.580002,104.970001,105.25,103.433922,18914100
12/2/2019,106.139999,107.139999,105.480003,106.889999,105.045631,25056600
13/2/2019,107.5,107.779999,106.709999,106.809998,104.967003,18394900
14/2/2019,106.309998,107.290001,105.660004,106.900002,105.05545,21784700
15/2/2019,107.910004,108.300003,107.360001,108.220001,106.352676,26606900
19/2/2019,107.790001,108.660004,107.779999,108.169998,106.303543,18038500
20/2/2019,107.860001,107.940002,106.290001,107.150002,105.750854,21607700
21/2/2019,106.900002,109.480003,106.870003,109.410004,107.981354,29063200
22/2/2019,110.050003,111.199997,109.82,110.970001,109.520973,27763200
25/2/2019,111.760002,112.18,111.260002,111.589996,110.132874,23750600
26/2/2019,111.260002,113.239998,111.169998,112.360001,110.892822,21536700
27/2/2019,111.690002,112.360001,110.879997,112.169998,110.705299,21487100
28/2/2019,112.040001,112.879997,111.730003,112.029999,110.567131,29083900
1/3/2019,112.889999,113.019997,111.669998,112.529999,111.060608,23501200
4/3/2019,113.019997,113.25,110.800003,112.260002,110.794128,26608000
5/3/2019,112.25,112.389999,111.230003,111.699997,110.241432,19538300
6/3/2019,111.870003,112.660004,111.43,111.75,110.290787,17687000
7/3/2019,111.400002,111.550003,109.870003,110.389999,108.94854,25339000
8/3/2019,109.160004,110.709999,108.800003,110.510002,109.066978,22818400
11/3/2019,110.989998,112.949997,110.980003,112.830002,111.356689,26491600
12/3/2019,112.82,113.989998,112.650002,113.620003,112.136368,26132700
13/3/2019,114.129997,115,113.779999,114.5,113.004875,35513800
14/3/2019,114.540001,115.199997,114.330002,114.589996,113.093697,30763400
15/3/2019,115.339996,117.25,114.589996,115.910004,114.396469,54681100
18/3/2019,116.169998,117.610001,116.050003,117.57,116.034782,31207600
19/3/2019,118.089996,118.440002,116.989998,117.650002,116.113747,37588700
20/3/2019,117.389999,118.75,116.709999,117.519997,115.985443,28113300
21/3/2019,117.139999,120.82,117.089996,120.220001,118.650192,29854400
22/3/2019,119.5,119.589996,117.040001,117.050003,115.521576,33624500
25/3/2019,116.559998,118.010002,116.32,117.660004,116.123627,27067100
26/3/2019,118.620003,118.709999,116.849998,117.910004,116.370346,26097700
27/3/2019,117.879997,118.209999,115.519997,116.769997,115.245224,22733400
28/3/2019,117.440002,117.580002,116.129997,116.93,115.403145,18334800
29/3/2019,118.07,118.32,116.959999,117.940002,116.399963,25399800
1/4/2019,118.949997,119.110001,118.099998,119.019997,117.465858,22789100
2/4/2019,119.059998,119.480003,118.519997,119.190002,117.633636,18142300
3/4/2019,119.860001,120.43,119.150002,119.970001,118.403458,22860700
4/4/2019,120.099998,120.230003,118.379997,119.360001,117.801422,20112800
5/4/2019,119.389999,120.230003,119.370003,119.889999,118.324493,15826200
8/4/2019,119.809998,120.019997,118.639999,119.93,118.363968,15116200
9/4/2019,118.629997,119.540001,118.580002,119.279999,117.72245,17612000
10/4/2019,119.760002,120.349998,119.540001,120.190002,118.620583,16477200
11/4/2019,120.540001,120.849998,119.919998,120.330002,118.758751,14209100
12/4/2019,120.639999,120.980003,120.370003,120.949997,119.370651,19745100
15/4/2019,120.940002,121.580002,120.57,121.050003,119.469353,15792600
16/4/2019,121.639999,121.650002,120.099998,120.769997,119.193001,14071800
17/4/2019,121.239998,121.849998,120.540001,121.769997,120.179947,19300900
18/4/2019,122.190002,123.519997,121.300003,123.370003,121.759056,27991000
22/4/2019,122.620003,124,122.57,123.760002,122.143959,15648700
23/4/2019,124.099998,125.580002,123.830002,125.440002,123.802032,24025500
24/4/2019,125.790001,125.849998,124.519997,125.010002,123.377647,31257000
25/4/2019,130.059998,131.369995,128.830002,129.149994,127.463577,38033900
26/4/2019,129.699997,130.520004,129.020004,129.889999,128.193909,23654900
29/4/2019,129.899994,130.179993,129.350006,129.770004,128.075485,16324200
30/4/2019,129.809998,130.699997,129.389999,130.600006,128.894653,24166500
1/5/2019,130.529999,130.649994,127.699997,127.879997,126.210159,26821700
2/5/2019,127.980003,128,125.519997,126.209999,124.561966,27350200
3/5/2019,127.360001,129.429993,127.25,128.899994,127.216843,24911100
6/5/2019,126.389999,128.559998,126.110001,128.149994,126.476624,24239800
7/5/2019,126.459999,127.18,124.220001,125.519997,123.880966,36017700
8/5/2019,125.440002,126.370003,124.75,125.510002,123.871117,28419000
9/5/2019,124.290001,125.790001,123.57,125.5,123.861244,27235800
10/5/2019,124.910004,127.93,123.82,127.129997,125.469955,30915100
13/5/2019,124.110001,125.550003,123.040001,123.349998,121.739311,33944900
14/5/2019,123.870003,125.879997,123.699997,124.730003,123.101303,25266300
15/5/2019,124.260002,126.709999,123.699997,126.019997,124.834839,24722700
16/5/2019,126.75,129.380005,126.459999,128.929993,127.717468,30112200
17/5/2019,128.309998,130.460007,127.919998,128.070007,126.86557,25770500
20/5/2019,126.519997,127.589996,125.760002,126.220001,125.032967,23706900
21/5/2019,127.43,127.529999,126.580002,126.900002,125.706573,15293300
22/5/2019,126.620003,128.240005,126.519997,127.669998,126.469322,15396500
23/5/2019,126.199997,126.290001,124.739998,126.18,124.99334,23603800
24/5/2019,126.910004,127.419998,125.970001,126.239998,125.052765,14123400
28/5/2019,126.980003,128,126.050003,126.160004,124.973534,23128400
29/5/2019,125.379997,125.389999,124.040001,124.940002,123.764999,22763100
30/5/2019,125.260002,125.760002,124.779999,125.730003,124.547562,16829600
31/5/2019,124.230003,124.620003,123.32,123.68,122.516846,26646800
3/6/2019,123.849998,124.370003,119.010002,119.839996,118.712952,37983600
4/6/2019,121.279999,123.279999,120.650002,123.160004,122.00174,29382600
5/6/2019,124.949997,125.870003,124.209999,125.830002,124.646629,24926100
6/6/2019,126.440002,127.970001,125.599998,127.82,126.617912,21459000
7/6/2019,129.190002,132.25,128.259995,131.399994,130.16423,33885600
10/6/2019,132.399994,134.080002,132,132.600006,131.352966,26477100
11/6/2019,133.880005,134.240005,131.279999,132.100006,130.857666,23913700
12/6/2019,131.399994,131.970001,130.710007,131.490005,130.253403,17084700
13/6/2019,131.979996,133,131.559998,132.320007,131.075592,17200800
14/6/2019,132.259995,133.789993,131.639999,132.449997,131.204376,17821700
17/6/2019,132.630005,133.729996,132.529999,132.850006,131.600616,14517800
18/6/2019,134.190002,135.240005,133.570007,135.160004,133.888885,25934500
19/6/2019,135,135.929993,133.809998,135.690002,134.41391,23744400
20/6/2019,137.449997,137.660004,135.720001,136.949997,135.662033,33042600
21/6/2019,136.580002,137.729996,136.460007,136.970001,135.68187,36727900
24/6/2019,137,138.399994,137,137.779999,136.484238,20628800
25/6/2019,137.25,137.589996,132.729996,133.429993,132.17514,33327400
26/6/2019,134.350006,135.740005,133.600006,133.929993,132.670441,23657700
27/6/2019,134.139999,134.710007,133.509995,134.149994,132.888367,16557500
28/6/2019,134.570007,134.600006,133.160004,133.960007,132.70018,30043000
1/7/2019,136.630005,136.699997,134.970001,135.679993,134.403992,22654200
2/7/2019,136.119995,136.589996,135.339996,136.580002,135.295517,15237800
3/7/2019,136.800003,137.740005,136.289993,137.460007,136.167252,13629300
5/7/2019,135.940002,137.330002,135.720001,137.059998,135.771011,18141100
8/7/2019,136.399994,137.100006,135.369995,136.960007,135.671951,16779700
9/7/2019,136,136.970001,135.800003,136.460007,135.176666,19953100
10/7/2019,137.130005,138.580002,137.020004,137.850006,136.553604,24204400
11/7/2019,138.199997,139.220001,137.869995,138.399994,137.098404,22327900
12/7/2019,138.850006,139.130005,138.009995,138.899994,137.593704,18936800
15/7/2019,139.440002,139.539993,138.460007,138.899994,137.593704,16651500
16/7/2019,138.960007,139.050003,136.520004,137.080002,135.790817,22726100
17/7/2019,137.699997,137.929993,136.220001,136.270004,134.988449,20211000
18/7/2019,135.550003,136.619995,134.669998,136.419998,135.137039,30808700
19/7/2019,140.220001,140.669998,136.449997,136.619995,135.335144,48992400
22/7/2019,137.410004,139.190002,137.330002,138.429993,137.128113,25074900
23/7/2019,139.759995,139.990005,138.029999,139.289993,137.980042,18034600
24/7/2019,138.899994,140.740005,138.850006,140.720001,139.396591,20738300
25/7/2019,140.429993,140.610001,139.320007,140.190002,138.871582,18356900
26/7/2019,140.369995,141.679993,140.300003,141.339996,140.010757,19037600
29/7/2019,141.5,141.509995,139.369995,141.029999,139.703674,16605900
30/7/2019,140.139999,141.220001,139.800003,140.350006,139.030075,16846500
31/7/2019,140.330002,140.490005,135.080002,136.270004,134.988449,38598800
1/8/2019,137,140.940002,136.929993,138.059998,136.761597,40557500
2/8/2019,138.089996,138.320007,135.259995,136.899994,135.612503,30791600
5/8/2019,133.300003,133.929993,130.779999,132.210007,130.966629,42749600
6/8/2019,133.800003,135.679993,133.210007,134.690002,133.423309,32696700
7/8/2019,133.789993,135.649994,131.830002,135.279999,134.007736,33414500
8/8/2019,136.600006,138.990005,135.929993,138.889999,137.583801,27496500
9/8/2019,138.610001,139.380005,136.460007,137.710007,136.414917,23466700
12/8/2019,137.070007,137.860001,135.240005,135.789993,134.512939,20476600
13/8/2019,136.050003,138.800003,135,138.600006,137.296539,25154600
14/8/2019,136.360001,136.919998,133.669998,133.979996,133.161926,32527300
15/8/2019,134.389999,134.580002,132.25,133.679993,132.863754,28074400
16/8/2019,134.880005,136.460007,134.720001,136.130005,135.298813,24449100
19/8/2019,137.850006,138.550003,136.889999,138.410004,137.564896,24355700
20/8/2019,138.210007,138.710007,137.240005,137.259995,136.421906,21170800
21/8/2019,138.550003,139.490005,138,138.789993,137.942551,14970300
22/8/2019,138.660004,139.199997,136.289993,137.779999,136.938721,18697000
23/8/2019,137.190002,138.350006,132.800003,133.389999,132.575531,38508600
26/8/2019,134.990005,135.559998,133.899994,135.449997,134.622955,20312600
27/8/2019,136.389999,136.720001,134.660004,135.740005,134.911179,23102100
28/8/2019,134.880005,135.759995,133.550003,135.559998,134.732269,17393300
29/8/2019,137.25,138.440002,136.910004,138.119995,137.276642,20168700
30/8/2019,139.149994,139.179993,136.270004,137.860001,137.01825,23940100
3/9/2019,136.610001,137.199997,135.699997,136.039993,135.209351,18869300
4/9/2019,137.300003,137.690002,136.479996,137.630005,136.789658,17995900
5/9/2019,139.110001,140.380005,138.759995,140.050003,139.19487,26101800
6/9/2019,140.029999,140.179993,138.199997,139.100006,138.250671,20824500
9/9/2019,139.589996,139.75,136.460007,137.520004,136.680328,25773900
10/9/2019,136.800003,136.889999,134.509995,136.080002,135.249115,28903400
11/9/2019,135.910004,136.270004,135.089996,136.119995,135.288849,24726100
12/9/2019,137.850006,138.419998,136.869995,137.520004,136.680328,27010000
13/9/2019,137.779999,138.059998,136.570007,137.320007,136.481537,23363100
16/9/2019,135.830002,136.699997,135.660004,136.330002,135.497589,16731400
17/9/2019,136.960007,137.520004,136.429993,137.389999,136.551117,17814200
18/9/2019,137.360001,138.669998,136.529999,138.520004,137.67421,23982100
19/9/2019,140.300003,142.369995,140.070007,141.070007,140.208649,35772100
20/9/2019,141.009995,141.649994,138.25,139.440002,138.588593,39167300
23/9/2019,139.229996,139.630005,138.440002,139.139999,138.290421,17139300
24/9/2019,140.360001,140.690002,136.880005,137.380005,136.541183,29773200
25/9/2019,137.5,139.960007,136.029999,139.360001,138.509079,21382000
26/9/2019,139.440002,140.179993,138.440002,139.539993,138.687973,17456600
27/9/2019,140.149994,140.360001,136.649994,137.729996,136.889023,22477700
30/9/2019,138.050003,139.220001,137.779999,139.029999,138.181091,17280900
1/10/2019,139.660004,140.25,137,137.070007,136.233078,21466600
2/10/2019,136.25,136.369995,133.580002,134.649994,133.827835,30521700
3/10/2019,134.949997,136.75,133.220001,136.279999,135.447891,24132900
4/10/2019,136.75,138.25,136.419998,138.119995,137.276642,22897700
7/10/2019,137.139999,138.179993,137.020004,137.119995,136.282761,15303700
8/10/2019,137.080002,137.759995,135.619995,135.669998,134.841614,25550500
9/10/2019,137.460007,138.699997,136.970001,138.240005,137.39592,19749900
10/10/2019,138.490005,139.669998,138.25,139.100006,138.250671,17654600
11/10/2019,140.119995,141.029999,139.5,139.679993,138.827118,25446000
14/10/2019,139.690002,140.289993,139.520004,139.550003,138.697922,13304300
15/10/2019,140.059998,141.789993,139.809998,141.570007,140.705597,19695700
16/10/2019,140.789993,140.990005,139.529999,140.410004,139.552673,20751600
17/10/2019,140.949997,141.419998,139.020004,139.690002,138.837067,21460600
18/10/2019,139.759995,140,136.559998,137.410004,136.570984,32273500
21/10/2019,138.449997,138.5,137.009995,138.429993,137.584747,20078200
22/10/2019,138.970001,140.009995,136.259995,136.369995,135.537338,27431000
23/10/2019,136.880005,137.449997,135.610001,137.240005,136.402039,29844600
24/10/2019,139.389999,140.419998,138.669998,139.940002,139.085556,37029300
25/10/2019,139.339996,141.139999,139.199997,140.729996,139.870712,25959700
28/10/2019,144.399994,145.669998,143.509995,144.190002,143.309601,35280100
29/10/2019,144.080002,144.5,142.649994,142.830002,141.957901,20589500
30/10/2019,143.520004,145,142.789993,144.610001,143.727036,18496600
31/10/2019,144.899994,144.929993,142.990005,143.369995,142.494583,24605100
1/11/2019,144.259995,144.419998,142.970001,143.720001,142.842468,33128400
4/11/2019,144.830002,145,144.160004,144.550003,143.667404,16912000
5/11/2019,144.970001,145.020004,143.910004,144.460007,143.577957,18250200
6/11/2019,144.369995,144.520004,143.199997,144.059998,143.180374,16575800
7/11/2019,143.839996,144.880005,143.770004,144.259995,143.37915,17786700
8/11/2019,143.979996,145.990005,143.759995,145.960007,145.068787,16732700
11/11/2019,145.339996,146.419998,144.729996,146.110001,145.217865,14362600
12/11/2019,146.279999,147.570007,146.059998,147.070007,146.172012,18641600
13/11/2019,146.740005,147.460007,146.279999,147.309998,146.410538,16919200
14/11/2019,147.020004,148.410004,147,148.059998,147.15596,19729800
15/11/2019,148.929993,149.990005,148.270004,149.970001,149.054306,23485700
18/11/2019,150.070007,150.550003,148.979996,150.339996,149.422043,21534000
19/11/2019,150.880005,151.330002,150.199997,150.389999,149.471725,23935700
20/11/2019,150.309998,150.839996,148.460007,149.619995,149.212433,25696800
21/11/2019,149.399994,149.800003,148.5,149.479996,149.072815,18576100
22/11/2019,150.070007,150.300003,148.820007,149.589996,149.182526,15901800
25/11/2019,150,151.350006,149.919998,151.229996,150.818054,22420900
26/11/2019,151.360001,152.419998,151.320007,152.029999,151.615875,24620100
27/11/2019,152.330002,152.5,151.520004,152.320007,151.90509,15184400
29/11/2019,152.100006,152.300003,151.279999,151.380005,150.967651,11977300
2/12/2019,151.809998,151.830002,148.320007,149.550003,149.142639,27418400
3/12/2019,147.490005,149.429993,146.649994,149.309998,148.90329,24066000
4/12/2019,150.139999,150.179993,149.199997,149.850006,149.441818,17574700
5/12/2019,150.050003,150.320007,149.479996,149.929993,149.521591,17869100
6/12/2019,150.990005,151.869995,150.270004,151.75,151.336639,16403500
9/12/2019,151.070007,152.210007,150.910004,151.360001,150.947708,16687400
10/12/2019,151.289993,151.889999,150.759995,151.130005,150.718338,16476100
11/12/2019,151.539993,151.869995,150.330002,151.699997,151.286774,18856600
12/12/2019,151.649994,153.440002,151.020004,153.240005,152.822586,24612100
13/12/2019,153,154.889999,152.830002,154.529999,154.10907,23845400
16/12/2019,155.110001,155.899994,154.820007,155.529999,155.106339,24144200
17/12/2019,155.449997,155.710007,154.449997,154.690002,154.268631,25425600
18/12/2019,154.300003,155.479996,154.179993,154.369995,153.949509,24129200
19/12/2019,154,155.770004,153.75,155.710007,155.285858,24958900
20/12/2019,157.350006,158.490005,156.289993,157.410004,156.981232,53477500
23/12/2019,158.119995,158.119995,157.270004,157.410004,156.981232,17718200
24/12/2019,157.479996,157.710007,157.119995,157.380005,156.951309,8989200
26/12/2019,157.559998,158.729996,157.399994,158.669998,158.237793,14520600
27/12/2019,159.449997,159.550003,158.220001,158.960007,158.527008,18412800
30/12/2019,158.990005,159.020004,156.729996,157.589996,157.160736,16348400
31/12/2019,156.770004,157.770004,156.449997,157.699997,157.270432,18369400
2/1/2020,158.779999,160.729996,158.330002,160.619995,160.18248,22622100
3/1/2020,158.320007,159.949997,158.059998,158.619995,158.187927,21116200
6/1/2020,157.080002,159.100006,156.509995,159.029999,158.596817,20813700
7/1/2020,159.320007,159.669998,157.320007,157.580002,157.150772,21634100
8/1/2020,158.929993,160.800003,157.949997,160.089996,159.653915,27746500
9/1/2020,161.839996,162.220001,161.029999,162.089996,161.648468,21385000
10/1/2020,162.820007,163.220001,161.179993,161.339996,160.900513,20725900
13/1/2020,161.759995,163.309998,161.259995,163.279999,162.835236,21626500
14/1/2020,163.389999,163.600006,161.720001,162.130005,161.68837,23477400
15/1/2020,162.619995,163.940002,162.570007,163.179993,162.735504,21417900
16/1/2020,164.350006,166.240005,164.029999,166.169998,165.717361,23865400
17/1/2020,167.419998,167.470001,165.429993,167.100006,166.644836,34371700
21/1/2020,166.679993,168.190002,166.429993,166.5,166.046463,29517200
22/1/2020,167.399994,167.490005,165.679993,165.699997,165.248642,24138800
23/1/2020,166.190002,166.800003,165.270004,166.720001,166.265869,19680800
24/1/2020,167.509995,167.529999,164.449997,165.039993,164.590439,24918100
27/1/2020,161.149994,163.380005,160.199997,162.279999,161.837952,32078100
28/1/2020,163.779999,165.759995,163.070007,165.460007,165.009308,24899900
29/1/2020,167.839996,168.75,165.690002,168.039993,167.58226,34754500
30/1/2020,174.050003,174.050003,170.789993,172.779999,172.309357,51597500
31/1/2020,172.210007,172.399994,169.580002,170.229996,169.766296,36142700
3/2/2020,170.429993,174.5,170.399994,174.380005,173.904999,30149100
4/2/2020,177.139999,180.639999,176.309998,180.119995,179.629364,36433300
5/2/2020,184.029999,184.199997,178.410004,179.899994,179.409958,39186300
6/2/2020,180.970001,183.820007,180.059998,183.630005,183.129807,27751400
7/2/2020,182.850006,185.630005,182.479996,183.889999,183.389099,33529100
10/2/2020,183.580002,188.839996,183.25,188.699997,188.185989,35844300
11/2/2020,190.649994,190.699997,183.5,184.440002,183.937607,53159900
12/2/2020,185.580002,185.850006,181.850006,184.710007,184.206863,47062900
13/2/2020,183.080002,186.229996,182.869995,183.710007,183.209595,35295800
14/2/2020,183.25,185.410004,182.649994,185.350006,184.845123,23149500
,,,,,,
,,,,,,
,,,,,,
,,,,,,
,,,,,,
,,,,,,
,,,,,,
,,,,,,
,,,,,,
,,,,,,
,,,,,,
,,,,,,
,,,,,,
,,,,,,
,,,,,,
,,,,,,
,,,,,,
,,,,,,
,,,,,,
,,,,,,
,,,,,,
,,,,,,
,,,,,,
,,,,,,
,,,,,,
,,,,,,
,,,,,,
,,,,,,
,,,,,,
,,,,,,
,,,,,,
,,,,,,
,,,,,,
,,,,,,